SKU,모델SKU,제품DB행,변경전 미입고,변경후 미입고,차이,관련발주번호,발주수량,누적입고,수정일시,성공/실패,실패이유
78490771,wa0004-GOWH,9,0,1,1,139996964,139996964:1,139996964:0,2026-08-24 01:44:39 +09:00,성공,
78490769,wa0004-RGBK,10,0,1,1,139998851,139998851:1,139998851:0,2026-08-24 01:44:39 +09:00,성공,
78490768,wa0004-RGWH,11,0,1,1,139998851,139998851:1,139998851:0,2026-08-24 01:44:39 +09:00,성공,
78490770,wa0004-SIWH,12,0,1,1,139998851,139998851:1,139998851:0,2026-08-24 01:44:39 +09:00,성공,
78467787,wa0003-SI,13,0,1,1,139998851,139998851:1,139998851:0,2026-08-24 01:44:39 +09:00,성공,
78453239,wn0001-GO,14,0,1,1,139997482,139997482:1,139997482:0,2026-08-24 01:44:39 +09:00,성공,
78453238,wn0001-RG,15,0,1,1,139997482,139997482:1,139997482:0,2026-08-24 01:44:39 +09:00,성공,
78453506,wa0002-GO,16,0,1,1,139998851,139998851:1,139998851:0,2026-08-24 01:44:39 +09:00,성공,
78453505,wa0002-RG,17,0,1,1,139999282,139999282:1,139999282:0,2026-08-24 01:44:39 +09:00,성공,
78453507,wa0002-SI,18,0,1,1,139998851,139998851:1,139998851:0,2026-08-24 01:44:39 +09:00,성공,
78491001,wa0001-GO,19,0,1,1,139998851,139998851:1,139998851:0,2026-08-24 01:44:39 +09:00,성공,
78491000,wa0001-RG,20,0,1,1,139997482,139997482:1,139997482:0,2026-08-24 01:44:39 +09:00,성공,
78491002,wa0001-SI,21,0,1,1,139998851,139998851:1,139998851:0,2026-08-24 01:44:39 +09:00,성공,
78489972,up0002-BK,22,0,1,1,139998851,139998851:1,139998851:0,2026-08-24 01:44:39 +09:00,성공,
78489969,up0002-GO,23,0,1,1,139997482,139997482:1,139997482:0,2026-08-24 01:44:39 +09:00,성공,
78489968,up0002-RG,24,0,1,1,139997482,139997482:1,139997482:0,2026-08-24 01:44:39 +09:00,성공,
78489970,up0002-SI,25,0,1,1,139998851,139998851:1,139998851:0,2026-08-24 01:44:39 +09:00,성공,
78390502,we0001-GO,26,0,1,1,139849369,139849369:1,139849369:0,2026-08-24 01:44:39 +09:00,성공,
78390501,we0001-RG,27,0,1,1,139849369,139849369:1,139849369:0,2026-08-24 01:44:39 +09:00,성공,
78390503,we0001-SI,28,0,1,1,139849105,139849105:1,139849105:0,2026-08-24 01:44:39 +09:00,성공,
78490915,mr0007-SI20,29,0,1,1,139996964,139996964:1,139996964:0,2026-08-24 01:44:39 +09:00,성공,
78490916,mr0007-SI22,30,0,1,1,139997482,139997482:1,139997482:0,2026-08-24 01:44:39 +09:00,성공,
78490917,mr0007-SI25,31,0,1,1,139997482,139997482:1,139997482:0,2026-08-24 01:44:39 +09:00,성공,
78483451,mr0004-SI20,32,0,1,1,139998851,139998851:1,139998851:0,2026-08-24 01:44:39 +09:00,성공,
78483452,mr0004-SI22,33,0,1,1,139997482,139997482:1,139997482:0,2026-08-24 01:44:39 +09:00,성공,
78483453,mr0004-SI25,34,0,1,1,139998551,139998551:1,139998551:0,2026-08-24 01:44:39 +09:00,성공,
78489963,up0001-BK,35,0,1,1,139997482,139997482:1,139997482:0,2026-08-24 01:44:39 +09:00,성공,
78489966,up0001-GO,36,0,1,1,139996964,139996964:1,139996964:0,2026-08-24 01:44:39 +09:00,성공,
78489964,up0001-RG,37,0,1,1,139998851,139998851:1,139998851:0,2026-08-24 01:44:39 +09:00,성공,
78489967,up0001-SI,38,0,1,1,139997482,139997482:1,139997482:0,2026-08-24 01:44:39 +09:00,성공,
78491801,wr0003-RG11,39,0,1,1,139998851,139998851:1,139998851:0,2026-08-24 01:44:39 +09:00,성공,
78491803,wr0003-RG14,40,0,1,1,139998851,139998851:1,139998851:0,2026-08-24 01:44:39 +09:00,성공,
78491804,wr0003-RG17,41,0,1,1,139998851,139998851:1,139998851:0,2026-08-24 01:44:39 +09:00,성공,
78491805,wr0003-RG20,42,0,1,1,139998851,139998851:1,139998851:0,2026-08-24 01:44:39 +09:00,성공,
78491800,wr0003-RG9,43,0,1,1,139998851,139998851:1,139998851:0,2026-08-24 01:44:39 +09:00,성공,
78491807,wr0003-SI11,44,0,1,1,139997482,139997482:1,139997482:0,2026-08-24 01:44:39 +09:00,성공,
78491808,wr0003-SI14,45,0,1,1,139998851,139998851:1,139998851:0,2026-08-24 01:44:39 +09:00,성공,
78491809,wr0003-SI17,46,0,1,1,139998851,139998851:1,139998851:0,2026-08-24 01:44:39 +09:00,성공,
78491810,wr0003-SI20,47,0,1,1,139998851,139998851:1,139998851:0,2026-08-24 01:44:39 +09:00,성공,
78491806,wr0003-SI9,48,0,1,1,139998851,139998851:1,139998851:0,2026-08-24 01:44:39 +09:00,성공,
78483550,mr0001-SI20,49,0,1,1,139998851,139998851:1,139998851:0,2026-08-24 01:44:39 +09:00,성공,
78483551,mr0001-SI22,50,0,1,1,139997482,139997482:1,139997482:0,2026-08-24 01:44:39 +09:00,성공,
78483552,mr0001-SI25,51,0,1,1,139998851,139998851:1,139998851:0,2026-08-24 01:44:39 +09:00,성공,
78483553,mr0001-SI27,52,0,1,1,139997482,139997482:1,139997482:0,2026-08-24 01:44:39 +09:00,성공,
78490557,mr0002-SI20,53,0,1,1,139998851,139998851:1,139998851:0,2026-08-24 01:44:39 +09:00,성공,
78490558,mr0002-SI22,54,0,1,1,139998851,139998851:1,139998851:0,2026-08-24 01:44:39 +09:00,성공,
78490559,mr0002-SI25,55,0,1,1,139997482,139997482:1,139997482:0,2026-08-24 01:44:39 +09:00,성공,
78490381,mr0003-SI20,56,0,1,1,139998851,139998851:1,139998851:0,2026-08-24 01:44:39 +09:00,성공,
78490382,mr0003-SI22,57,0,1,1,139998851,139998851:1,139998851:0,2026-08-24 01:44:39 +09:00,성공,
78490383,mr0003-SI25,58,0,1,1,139998851,139998851:1,139998851:0,2026-08-24 01:44:39 +09:00,성공,
78491552,wr0001-GO11,59,0,1,1,139998851,139998851:1,139998851:0,2026-08-24 01:44:39 +09:00,성공,
78491553,wr0001-GO14,60,0,1,1,139997482,139997482:1,139997482:0,2026-08-24 01:44:39 +09:00,성공,
78491554,wr0001-GO17,61,0,1,1,139996964,139996964:1,139996964:0,2026-08-24 01:44:39 +09:00,성공,
78491555,wr0001-GO20,62,0,1,1,139998851,139998851:1,139998851:0,2026-08-24 01:44:39 +09:00,성공,
78491551,wr0001-GO9,63,0,1,1,139998851,139998851:1,139998851:0,2026-08-24 01:44:39 +09:00,성공,
78491547,wr0001-RG11,64,0,1,1,139998851,139998851:1,139998851:0,2026-08-24 01:44:39 +09:00,성공,
78491548,wr0001-RG14,65,0,1,1,139998851,139998851:1,139998851:0,2026-08-24 01:44:39 +09:00,성공,
78491549,wr0001-RG17,66,0,1,1,139997482,139997482:1,139997482:0,2026-08-24 01:44:39 +09:00,성공,
78491550,wr0001-RG20,67,0,1,1,139998851,139998851:1,139998851:0,2026-08-24 01:44:39 +09:00,성공,
78491546,wr0001-RG9,68,0,1,1,139997482,139997482:1,139997482:0,2026-08-24 01:44:39 +09:00,성공,
78491557,wr0001-SI11,69,0,1,1,139998851,139998851:1,139998851:0,2026-08-24 01:44:39 +09:00,성공,
78491558,wr0001-SI14,70,0,1,1,139997482,139997482:1,139997482:0,2026-08-24 01:44:39 +09:00,성공,
78491559,wr0001-SI17,71,0,1,1,139997482,139997482:1,139997482:0,2026-08-24 01:44:39 +09:00,성공,
78491560,wr0001-SI20,72,0,1,1,139998851,139998851:1,139998851:0,2026-08-24 01:44:39 +09:00,성공,
78491556,wr0001-SI9,73,0,1,1,139998851,139998851:1,139998851:0,2026-08-24 01:44:39 +09:00,성공,
76343193,wn11327-GOBK,74,2,0,-2,136673116;139142928,136673116:1;139142928:1,136673116:1;139142928:1,2026-08-24 01:44:39 +09:00,성공,
76343194,wn11327-GOWH,75,2,0,-2,136673116;139077290,136673116:1;139077290:1,136673116:1;139077290:1,2026-08-24 01:44:39 +09:00,성공,
76343190,wn11327-RGBK,76,2,0,-2,136588148;139142928,136588148:1;139142928:1,136588148:1;139142928:1,2026-08-24 01:44:39 +09:00,성공,
76343189,wn11327-RGWH,77,7,1,-6,136673116;137836122;138257149,136673116:1;137836122:1;138257149:5,136673116:1;137836122:0;138257149:5,2026-08-24 01:44:39 +09:00,성공,
76343192,wn11327-SIBK,78,1,0,-1,136673116,136673116:1,136673116:1,2026-08-24 01:44:39 +09:00,성공,
76343191,wn11327-SIWH,79,3,2,-1,136673116;138257431,136673116:1;138257431:2,136673116:1;138257431:0,2026-08-24 01:44:39 +09:00,성공,
78470901,we0002-RGBK,80,0,1,1,139998851,139998851:1,139998851:0,2026-08-24 01:44:39 +09:00,성공,
78470900,we0002-RGWH,81,0,1,1,139997482,139997482:1,139997482:0,2026-08-24 01:44:39 +09:00,성공,
78470904,we0002-SIBK,82,0,1,1,139997482,139997482:1,139997482:0,2026-08-24 01:44:39 +09:00,성공,
78470903,we0002-SIWH,83,0,1,1,139998851,139998851:1,139998851:0,2026-08-24 01:44:39 +09:00,성공,
78489822,wr0004-GO11,84,0,1,1,139998851,139998851:1,139998851:0,2026-08-24 01:44:39 +09:00,성공,
78489823,wr0004-GO14,85,0,1,1,139998851,139998851:1,139998851:0,2026-08-24 01:44:39 +09:00,성공,
78489824,wr0004-GO17,86,0,1,1,139998851,139998851:1,139998851:0,2026-08-24 01:44:39 +09:00,성공,
78489825,wr0004-GO20,87,0,1,1,139998851,139998851:1,139998851:0,2026-08-24 01:44:39 +09:00,성공,
78489821,wr0004-GO9,88,0,1,1,139997482,139997482:1,139997482:0,2026-08-24 01:44:39 +09:00,성공,
78489817,wr0004-RG11,89,0,1,1,139997482,139997482:1,139997482:0,2026-08-24 01:44:39 +09:00,성공,
78489818,wr0004-RG14,90,0,1,1,139998851,139998851:1,139998851:0,2026-08-24 01:44:39 +09:00,성공,
78489819,wr0004-RG17,91,0,1,1,139998851,139998851:1,139998851:0,2026-08-24 01:44:39 +09:00,성공,
78489820,wr0004-RG20,92,0,1,1,139998851,139998851:1,139998851:0,2026-08-24 01:44:39 +09:00,성공,
78489816,wr0004-RG9,93,0,1,1,139997482,139997482:1,139997482:0,2026-08-24 01:44:39 +09:00,성공,
78489827,wr0004-SI11,94,0,1,1,139996964,139996964:1,139996964:0,2026-08-24 01:44:39 +09:00,성공,
78489828,wr0004-SI14,95,0,1,1,139997482,139997482:1,139997482:0,2026-08-24 01:44:39 +09:00,성공,
78489829,wr0004-SI17,96,0,1,1,139997482,139997482:1,139997482:0,2026-08-24 01:44:39 +09:00,성공,
78489830,wr0004-SI20,97,0,1,1,139998851,139998851:1,139998851:0,2026-08-24 01:44:39 +09:00,성공,
78489826,wr0004-SI9,98,0,1,1,139996964,139996964:1,139996964:0,2026-08-24 01:44:39 +09:00,성공,
36758566,wb012107RG,159,0,1,1,139549113,139549113:1,139549113:0,2026-08-24 01:44:39 +09:00,성공,
47425277,we012093GO,171,0,1,1,139563390,139563390:1,139563390:0,2026-08-24 01:44:39 +09:00,성공,
47424348,we012084GO,181,1,0,-1,136008833,136008833:1,136008833:1,2026-08-24 01:44:39 +09:00,성공,
45476097,wn012062RG,215,0,24,24,139947012;139947078,139947012:12;139947078:12,139947012:0;139947078:0,2026-08-24 01:44:39 +09:00,성공,
50724685,wb012056RG,241,2,1,-1,137836122;139116121,137836122:1;139116121:1,137836122:0;139116121:1,2026-08-24 01:44:39 +09:00,성공,
58963356,we012054GO-M,250,1,0,-1,137157395,137157395:1,137157395:1,2026-08-24 01:44:39 +09:00,성공,
58963351,we012054GO-S,251,1,0,-1,136008833,136008833:1,136008833:1,2026-08-24 01:44:39 +09:00,성공,
58963358,we012054RG-L,252,2,0,-2,137156987;138445686,137156987:1;138445686:1,137156987:1;138445686:1,2026-08-24 01:44:39 +09:00,성공,
54959069,we012052SI,267,1,0,-1,139116010,139116010:1,139116010:1,2026-08-24 01:44:39 +09:00,성공,
58984736,we012051SI,270,1,0,-1,137828493,137828493:1,137828493:1,2026-08-24 01:44:39 +09:00,성공,
54126009,we012050RG,272,1,0,-1,137157075,137157075:1,137157075:1,2026-08-24 01:44:39 +09:00,성공,
44264269,we012047RG,276,1,0,-1,136620373,136620373:1,136620373:1,2026-08-24 01:44:39 +09:00,성공,
44999362,we012022SI,291,1,0,-1,136620373,136620373:1,136620373:1,2026-08-24 01:44:39 +09:00,성공,
44999372,we012021RG,292,1,0,-1,138468034,138468034:1,138468034:1,2026-08-24 01:44:39 +09:00,성공,
44999375,we012021SI,293,1,0,-1,136620373,136620373:1,136620373:1,2026-08-24 01:44:39 +09:00,성공,
45254332,wp011994SI,310,1,0,-1,136008833,136008833:1,136008833:1,2026-08-24 01:44:39 +09:00,성공,
45475725,wp011990SI,312,1,0,-1,138468242,138468242:1,138468242:1,2026-08-24 01:44:39 +09:00,성공,
44264890,we011947SI,338,1,2,1,139077290;139948298,139077290:1;139948298:1,139077290:0;139948298:0,2026-08-24 01:44:39 +09:00,성공,
44947073,we011945RG,343,1,0,-1,136008833,136008833:1,136008833:1,2026-08-24 01:44:39 +09:00,성공,
44947077,we011945SI,344,4,0,-4,137157395,137157395:4,137157395:4,2026-08-24 01:44:39 +09:00,성공,
44947079,we011944RG,346,3,0,-3,136008833,136008833:3,136008833:3,2026-08-24 01:44:39 +09:00,성공,
40284082,we011328RW wn011327ROWH,348,0,1,1,139948298,139948298:1,139948298:0,2026-08-24 01:44:39 +09:00,성공,
38881901,wn011931SI,352,1,0,-1,138445686,138445686:1,138445686:1,2026-08-24 01:44:39 +09:00,성공,
38921491,mn011922SI,356,0,4,4,139948868,139948868:4,139948868:0,2026-08-24 01:44:39 +09:00,성공,
39010039,we011910SI,366,2,0,-2,135170427,135170427:2,135170427:2,2026-08-24 01:44:39 +09:00,성공,
39009993,we011909WH,368,1,0,-1,135170427,135170427:1,135170427:1,2026-08-24 01:44:39 +09:00,성공,
38921461,wr011905RG17,373,1,0,-1,135170426,135170426:1,135170426:1,2026-08-24 01:44:39 +09:00,성공,
38251670,we011904RG,377,0,2,2,139942128,139942128:2,139942128:0,2026-08-24 01:44:39 +09:00,성공,
38278801,we011902RG,381,1,0,-1,135170426,135170426:1,135170426:1,2026-08-24 01:44:39 +09:00,성공,
38251668,we011901RG,386,1,0,-1,135170427,135170427:1,135170427:1,2026-08-24 01:44:39 +09:00,성공,
38251667,we011895WH,401,1,0,-1,135170427,135170427:1,135170427:1,2026-08-24 01:44:39 +09:00,성공,
38921603,we011892RG,404,3,0,-3,136620373;137156148;138468242,136620373:1;137156148:1;138468242:1,136620373:1;137156148:1;138468242:1,2026-08-24 01:44:39 +09:00,성공,
39010036,we011893SI,407,1,0,-1,138468034,138468034:1,138468034:1,2026-08-24 01:44:39 +09:00,성공,
38921581,we011891SI,409,1,0,-1,136008517,136008517:1,136008517:1,2026-08-24 01:44:39 +09:00,성공,
38813772,we011890SI,411,1,0,-1,135170427,135170427:1,135170427:1,2026-08-24 01:44:39 +09:00,성공,
38921524,wr011883RG11,428,1,0,-1,137157395,137157395:1,137157395:1,2026-08-24 01:44:39 +09:00,성공,
38921506,wr011883SI14,432,1,0,-1,135170427,135170427:1,135170427:1,2026-08-24 01:44:39 +09:00,성공,
38921470,wr011882GO11,434,1,0,-1,138468034,138468034:1,138468034:1,2026-08-24 01:44:39 +09:00,성공,
38921493,wr011882SI17,442,2,0,-2,135170427,135170427:2,135170427:2,2026-08-24 01:44:39 +09:00,성공,
38921462,wr011881GO14,444,1,0,-1,135170426,135170426:1,135170426:1,2026-08-24 01:44:39 +09:00,성공,
39010056,wr011881RG17,448,0,1,1,139549113,139549113:1,139549113:0,2026-08-24 01:44:39 +09:00,성공,
39010033,wn011871GO,483,1,0,-1,139142928,139142928:1,139142928:1,2026-08-24 01:44:39 +09:00,성공,
39010027,wn011869RG,490,1,0,-1,138468034,138468034:1,138468034:1,2026-08-24 01:44:39 +09:00,성공,
39010046,wn011868BK,492,2,0,-2,135170427,135170427:2,135170427:2,2026-08-24 01:44:39 +09:00,성공,
39009997,wn011868GE,493,1,0,-1,136620373,136620373:1,136620373:1,2026-08-24 01:44:39 +09:00,성공,
39010005,wn011862RG,506,3,1,-2,137836122;138257431,137836122:1;138257431:2,137836122:0;138257431:2,2026-08-24 01:44:39 +09:00,성공,
39626054,wn011858GO,517,2,1,-1,137836122;139077290,137836122:1;139077290:1,137836122:0;139077290:1,2026-08-24 01:44:39 +09:00,성공,
39626056,wn011858RG,518,0,4,4,139948868,139948868:4,139948868:0,2026-08-24 01:44:39 +09:00,성공,
39009999,wn011856SI,525,1,0,-1,137157395,137157395:1,137157395:1,2026-08-24 01:44:39 +09:00,성공,
39010016,wn011855GO,526,1,0,-1,136008517,136008517:1,136008517:1,2026-08-24 01:44:39 +09:00,성공,
39010013,wn011855RG,527,1,0,-1,136620373,136620373:1,136620373:1,2026-08-24 01:44:39 +09:00,성공,
38921505,wb011852GO,538,2,0,-2,137256945,137256945:2,137256945:2,2026-08-24 01:44:39 +09:00,성공,
38876905,we011846RG,556,1,0,-1,136620373,136620373:1,136620373:1,2026-08-24 01:44:39 +09:00,성공,
40488496,,617,1,0,-1,138468034,138468034:1,138468034:1,2026-08-24 01:44:39 +09:00,성공,
36787011,wb011811,623,0,1,1,139563390,139563390:1,139563390:0,2026-08-24 01:44:39 +09:00,성공,
38921598,we011805BK,639,2,1,-1,137156987;139116121,137156987:1;139116121:1,137156987:1;139116121:0,2026-08-24 01:44:39 +09:00,성공,
38921573,we011795RG,676,1,0,-1,136008517,136008517:1,136008517:1,2026-08-24 01:44:39 +09:00,성공,
38960416,wr011793SI11,684,3,1,-2,137836122;138257211,137836122:1;138257211:2,137836122:0;138257211:2,2026-08-24 01:44:39 +09:00,성공,
38921484,wn011793GO,687,1,0,-1,136008833,136008833:1,136008833:1,2026-08-24 01:44:39 +09:00,성공,
38921486,wr011792GO,705,1,0,-1,138468242,138468242:1,138468242:1,2026-08-24 01:44:39 +09:00,성공,
38921478,wr011792SI,707,2,0,-2,135170427,135170427:2,135170427:2,2026-08-24 01:44:39 +09:00,성공,
38921492,ws011792GO,708,0,1,1,139563390,139563390:1,139563390:0,2026-08-24 01:44:39 +09:00,성공,
56939419,,717,1,0,-1,135367640,135367640:1,135367640:1,2026-08-24 01:44:39 +09:00,성공,
38983739,we011740SI,756,1,0,-1,135170426,135170426:1,135170426:1,2026-08-24 01:44:39 +09:00,성공,
57737275,wr011707RB6,821,1,0,-1,137157395,137157395:1,137157395:1,2026-08-24 01:44:39 +09:00,성공,
57737301,wr011707RW8,828,1,0,-1,139116010,139116010:1,139116010:1,2026-08-24 01:44:39 +09:00,성공,
57737282,wr011707RW9,829,2,0,-2,137836122;139116224,137836122:1;139116224:1,137836122:1;139116224:1,2026-08-24 01:44:39 +09:00,성공,
57737291,wr011707SB7,832,1,0,-1,136008833,136008833:1,136008833:1,2026-08-24 01:44:39 +09:00,성공,
39396079,wr011702SS8,848,1,0,-1,138468034,138468034:1,138468034:1,2026-08-24 01:44:39 +09:00,성공,
39607536,mr011701SS10,850,1,0,-1,136008517,136008517:1,136008517:1,2026-08-24 01:44:39 +09:00,성공,
39607541,mr011701SS9,852,1,0,-1,139077290,139077290:1,139077290:1,2026-08-24 01:44:39 +09:00,성공,
78490103,wr011699RG5,853,0,1,1,139997482,139997482:1,139997482:0,2026-08-24 01:44:39 +09:00,성공,
78490104,wr011699RG6,854,0,1,1,139997482,139997482:1,139997482:0,2026-08-24 01:44:39 +09:00,성공,
78490105,wr011699RG7,855,0,1,1,139997482,139997482:1,139997482:0,2026-08-24 01:44:39 +09:00,성공,
78490106,wr011699RG8,856,0,1,1,139997482,139997482:1,139997482:0,2026-08-24 01:44:39 +09:00,성공,
78490107,wr011699RG9,857,0,1,1,139998851,139998851:1,139998851:0,2026-08-24 01:44:39 +09:00,성공,
78490108,wr011699SS5,858,0,1,1,139996964,139996964:1,139996964:0,2026-08-24 01:44:39 +09:00,성공,
78490109,wr011699SS6,859,0,1,1,139997482,139997482:1,139997482:0,2026-08-24 01:44:39 +09:00,성공,
78490111,wr011699SS8,861,0,1,1,139997482,139997482:1,139997482:0,2026-08-24 01:44:39 +09:00,성공,
78490112,wr011699SS9,862,0,1,1,139997482,139997482:1,139997482:0,2026-08-24 01:44:39 +09:00,성공,
38252387,mn011681SS,875,1,0,-1,138445686,138445686:1,138445686:1,2026-08-24 01:44:39 +09:00,성공,
43089555,we011637RG,905,3,0,-3,136008517;137155874;139142928,136008517:1;137155874:1;139142928:1,136008517:1;137155874:1;139142928:1,2026-08-24 01:44:39 +09:00,성공,
36792386,we011631GO,920,1,0,-1,136620373,136620373:1,136620373:1,2026-08-24 01:44:39 +09:00,성공,
39307061,we011631RG,921,0,4,4,139948298,139948298:4,139948298:0,2026-08-24 01:44:39 +09:00,성공,
38256629,wn011629GO,926,0,4,4,139947262,139947262:4,139947262:0,2026-08-24 01:44:39 +09:00,성공,
38256625,wn011629RB,927,0,10,10,139948298,139948298:10,139948298:0,2026-08-24 01:44:39 +09:00,성공,
38249450,ws011627RG,932,20,0,-20,135170426;135170427,135170426:10;135170427:10,135170426:10;135170427:10,2026-08-24 01:44:39 +09:00,성공,
40284024,wb011625SS,938,3,1,-2,137836122;138257431,137836122:1;138257431:2,137836122:0;138257431:2,2026-08-24 01:44:39 +09:00,성공,
39379906,wn011624RG,939,1,0,-1,139116121,139116121:1,139116121:1,2026-08-24 01:44:39 +09:00,성공,
39396856,wn011618GO,948,1,0,-1,137157775,137157775:1,137157775:1,2026-08-24 01:44:39 +09:00,성공,
39169549,wn011616GO,954,0,1,1,139948298,139948298:1,139948298:0,2026-08-24 01:44:39 +09:00,성공,
38448723,wp011601GO,962,0,9,9,139943141,139943141:9,139943141:0,2026-08-24 01:44:39 +09:00,성공,
39169548,ms011591S25,977,5,2,-3,136620373;138257431,136620373:1;138257431:4,136620373:1;138257431:2,2026-08-24 01:44:39 +09:00,성공,
39396113,mr011591S21,978,1,0,-1,137157775,137157775:1,137157775:1,2026-08-24 01:44:39 +09:00,성공,
44317440,mn011591SI,983,8,0,-8,137836122;139142928,137836122:4;139142928:4,137836122:4;139142928:4,2026-08-24 01:44:39 +09:00,성공,
39169560,wn011572GO,1035,1,0,-1,135170426,135170426:1,135170426:1,2026-08-24 01:44:39 +09:00,성공,
38249452,wn011566RO,1070,0,4,4,139942128,139942128:4,139942128:0,2026-08-24 01:44:39 +09:00,성공,
39169557,wn011566SS,1071,9,7,-2,136008517;137156487;138257431,136008517:3;137156487:3;138257431:3,136008517:2;137156487:0;138257431:0,2026-08-24 01:44:39 +09:00,성공,
40284173,mr011558SS25,1093,2,1,-1,136620373;139142928,136620373:1;139142928:1,136620373:0;139142928:1,2026-08-24 01:44:39 +09:00,성공,
39169551,mn011541SS,1103,0,10,10,139942128,139942128:10,139942128:0,2026-08-24 01:44:39 +09:00,성공,
40426062,,1104,1,0,-1,136620030,136620030:1,136620030:1,2026-08-24 01:44:39 +09:00,성공,
43113924,mb011536S,1107,0,1,1,139563390,139563390:1,139563390:0,2026-08-24 01:44:39 +09:00,성공,
36775763,wb011534RG,1112,0,20,20,139948621;139948902,139948621:10;139948902:10,139948621:0;139948902:0,2026-08-24 01:44:39 +09:00,성공,
38252380,wn011527RG,1124,0,6,6,139947262,139947262:6,139947262:0,2026-08-24 01:44:39 +09:00,성공,
39135930,wn011525SS,1129,2,1,-1,137836122;139116121,137836122:1;139116121:1,137836122:0;139116121:1,2026-08-24 01:44:39 +09:00,성공,
58445811,wn011522SS,1135,0,1,1,139948868,139948868:1,139948868:0,2026-08-24 01:44:39 +09:00,성공,
39135983,wr011510Y165,1160,0,1,1,139939993,139939993:1,139939993:0,2026-08-24 01:44:39 +09:00,성공,
38256644,we011505Y2,1179,1,0,-1,138445686,138445686:1,138445686:1,2026-08-24 01:44:39 +09:00,성공,
38256595,we011505Y3,1180,1,0,-1,138468242,138468242:1,138468242:1,2026-08-24 01:44:39 +09:00,성공,
36792376,we011505Y4,1181,1,0,-1,138468034,138468034:1,138468034:1,2026-08-24 01:44:39 +09:00,성공,
38250283,wn011503GO,1185,5,6,1,135170427;139948298,135170427:5;139948298:6,135170427:5;139948298:0,2026-08-24 01:44:39 +09:00,성공,
41832654,wn011503RG,1186,5,6,1,135170426;139943029,135170426:5;139943029:6,135170426:5;139943029:0,2026-08-24 01:44:39 +09:00,성공,
36788076,wa011492SS,1204,1,0,-1,138468242,138468242:1,138468242:1,2026-08-24 01:44:39 +09:00,성공,
38256599,wn011482SI,1210,1,0,-1,138468034,138468034:1,138468034:1,2026-08-24 01:44:39 +09:00,성공,
36786775,wa011474RO,1225,2,1,-1,135170427;139943141,135170427:2;139943141:1,135170427:2;139943141:0,2026-08-24 01:44:39 +09:00,성공,
36786784,wa011474SS,1226,12,0,-12,135170426;137256802,135170426:2;137256802:10,135170426:2;137256802:10,2026-08-24 01:44:39 +09:00,성공,
36786783,wa011473GO,1227,0,2,2,139942128,139942128:2,139942128:0,2026-08-24 01:44:39 +09:00,성공,
39135937,wa011473RO,1228,0,1,1,139948868,139948868:1,139948868:0,2026-08-24 01:44:39 +09:00,성공,
39138705,mn011456SI,1251,16,8,-8,136008517;136619665;138257431,136008517:4;136619665:4;138257431:8,136008517:4;136619665:4;138257431:0,2026-08-24 01:44:39 +09:00,성공,
39138707,,1261,1,0,-1,139116010,139116010:1,139116010:1,2026-08-24 01:44:39 +09:00,성공,
36792392,mp011439BK,1273,0,1,1,139563390,139563390:1,139563390:0,2026-08-24 01:44:39 +09:00,성공,
40284071,mr011431S23,1279,1,0,-1,139142928,139142928:1,139142928:1,2026-08-24 01:44:39 +09:00,성공,
40283995,mr011427S20,1290,5,1,-4,136619665;137836122;138257431,136619665:1;137836122:1;138257431:3,136619665:1;137836122:0;138257431:3,2026-08-24 01:44:39 +09:00,성공,
40283994,mr011427S22,1291,3,0,-3,135170427,135170427:3,135170427:3,2026-08-24 01:44:39 +09:00,성공,
40283997,mr011427S25,1292,2,0,-2,135170427,135170427:2,135170427:2,2026-08-24 01:44:39 +09:00,성공,
39407771,mr011426S22,1294,4,0,-4,135170427,135170427:4,135170427:4,2026-08-24 01:44:39 +09:00,성공,
39407769,mr011426S25,1295,0,2,2,139948298,139948298:2,139948298:0,2026-08-24 01:44:39 +09:00,성공,
40444485,,1305,2,1,-1,137836122;139077290,137836122:1;139077290:1,137836122:0;139077290:1,2026-08-24 01:44:39 +09:00,성공,
38256641,mp011412BK,1310,0,8,8,139940943,139940943:8,139940943:0,2026-08-24 01:44:39 +09:00,성공,
40284090,we011409RG,1311,1,0,-1,138468242,138468242:1,138468242:1,2026-08-24 01:44:39 +09:00,성공,
40284096,we011409SS,1312,2,0,-2,135170427,135170427:2,135170427:2,2026-08-24 01:44:39 +09:00,성공,
40284086,we011409YG,1313,6,3,-3,137156487,137156487:6,137156487:3,2026-08-24 01:44:39 +09:00,성공,
41093270,wp011405RG,1320,3,1,-2,136027034;137836122;139116010,136027034:1;137836122:1;139116010:1,136027034:1;137836122:0;139116010:1,2026-08-24 01:44:39 +09:00,성공,
38256616,wn011330GO,1482,0,6,6,139940844,139940844:6,139940844:0,2026-08-24 01:44:39 +09:00,성공,
38256614,wn011330RO,1483,0,4,4,139947107,139947107:4,139947107:0,2026-08-24 01:44:39 +09:00,성공,
38256612,wn011330SI,1484,0,6,6,139948298,139948298:6,139948298:0,2026-08-24 01:44:39 +09:00,성공,
38256593,wn011314,1499,0,1,1,139940943,139940943:1,139940943:0,2026-08-24 01:44:39 +09:00,성공,
57617440,,1515,2,6,4,135816373;139947298,135816373:2;139947298:6,135816373:2;139947298:0,2026-08-24 01:44:39 +09:00,성공,
57617442,,1516,1,0,-1,138445686,138445686:1,138445686:1,2026-08-24 01:44:39 +09:00,성공,
57617441,,1517,2,1,-1,135816373;139948972,135816373:2;139948972:1,135816373:2;139948972:0,2026-08-24 01:44:39 +09:00,성공,
57617435,,1518,2,0,-2,135816378,135816378:2,135816378:2,2026-08-24 01:44:39 +09:00,성공,
57617444,,1519,2,1,-1,135816373;139948972,135816373:2;139948972:1,135816373:2;139948972:0,2026-08-24 01:44:39 +09:00,성공,
57617446,,1520,2,1,-1,135816373,135816373:2,135816373:1,2026-08-24 01:44:39 +09:00,성공,
57618238,,1523,2,0,-2,135816369,135816369:2,135816369:2,2026-08-24 01:44:39 +09:00,성공,
57892854,,1524,2,0,-2,135816369,135816369:2,135816369:2,2026-08-24 01:44:39 +09:00,성공,
49753043,mb011252S,1556,2,1,-1,138257431,138257431:2,138257431:1,2026-08-24 01:44:39 +09:00,성공,
38256588,mb011241,1566,0,2,2,139948868,139948868:2,139948868:0,2026-08-24 01:44:39 +09:00,성공,
41735372,mn011240,1568,13,0,-13,137156799,137156799:13,137156799:13,2026-08-24 01:44:39 +09:00,성공,
61174285,mn011239GO,1569,4,0,-4,136620373;138257431,136620373:1;138257431:3,136620373:1;138257431:3,2026-08-24 01:44:39 +09:00,성공,
39135917,wb011231RG,1581,0,16,16,139948005,139948005:16,139948005:0,2026-08-24 01:44:39 +09:00,성공,
40284100,we011210RG,1600,1,0,-1,137157395,137157395:1,137157395:1,2026-08-24 01:44:39 +09:00,성공,
61183313,we011210SI,1601,1,0,-1,138468242,138468242:1,138468242:1,2026-08-24 01:44:39 +09:00,성공,
37880263,wsS011163RG,1612,4,0,-4,135170427,135170427:4,135170427:4,2026-08-24 01:44:39 +09:00,성공,
37880265,wsS011163SI,1613,0,2,2,139948298,139948298:2,139948298:0,2026-08-24 01:44:39 +09:00,성공,
48383434,wa011159GO,1614,6,0,-6,137836122;138256762,137836122:1;138256762:5,137836122:1;138256762:5,2026-08-24 01:44:39 +09:00,성공,
38256624,wa011156RG,1621,0,5,5,139940844,139940844:5,139940844:0,2026-08-24 01:44:39 +09:00,성공,
36788081,wa011153S,1625,1,0,-1,138445686,138445686:1,138445686:1,2026-08-24 01:44:39 +09:00,성공,
36788084,wa011152S,1626,1,0,-1,137157395,137157395:1,137157395:1,2026-08-24 01:44:39 +09:00,성공,
39606799,wa011146RG,1635,18,9,-9,136008833;137156487;139142652,136008833:6;137156487:6;139142652:6,136008833:6;137156487:3;139142652:0,2026-08-24 01:44:39 +09:00,성공,
40283986,we011141,1651,1,0,-1,138445686,138445686:1,138445686:1,2026-08-24 01:44:39 +09:00,성공,
39626062,wn011138,1655,1,0,-1,136008833,136008833:1,136008833:1,2026-08-24 01:44:39 +09:00,성공,
57498693,,1656,1,0,-1,139077290,139077290:1,139077290:1,2026-08-24 01:44:39 +09:00,성공,
57294857,,1657,5,1,-4,135368002;136008283;139077290,135368002:1;136008283:2;139077290:2,135368002:1;136008283:2;139077290:1,2026-08-24 01:44:39 +09:00,성공,
57498694,,1658,2,0,-2,135368002;138468242,135368002:1;138468242:1,135368002:1;138468242:1,2026-08-24 01:44:39 +09:00,성공,
57498677,,1664,2,0,-2,135368002;136620030,135368002:1;136620030:1,135368002:1;136620030:1,2026-08-24 01:44:39 +09:00,성공,
44967613,we00570RG,1716,1,0,-1,136932140,136932140:1,136932140:1,2026-08-24 01:44:39 +09:00,성공,
39399234,we00568RG,1717,0,1,1,139549113,139549113:1,139549113:0,2026-08-24 01:44:39 +09:00,성공,
39663382,wb00536RG,1739,1,0,-1,136008517,136008517:1,136008517:1,2026-08-24 01:44:39 +09:00,성공,
61406589,wp00537SI,1741,1,0,-1,138528291,138528291:1,138528291:1,2026-08-24 01:44:39 +09:00,성공,
38098998,we00529RG,1746,3,1,-2,136008833;137836122;139116010,136008833:1;137836122:1;139116010:1,136008833:1;137836122:0;139116010:1,2026-08-24 01:44:39 +09:00,성공,
39659684,we00526RGW,1759,1,0,-1,138468242,138468242:1,138468242:1,2026-08-24 01:44:39 +09:00,성공,
39396077,wr00521RG17,1765,0,1,1,139948298,139948298:1,139948298:0,2026-08-24 01:44:39 +09:00,성공,
60513443,ws00486WH,1794,1,0,-1,136620373,136620373:1,136620373:1,2026-08-24 01:44:39 +09:00,성공,
50679901,wn00476RG,1802,1,0,-1,136008833,136008833:1,136008833:1,2026-08-24 01:44:39 +09:00,성공,
39659677,we00466RG,1816,0,1,1,139563390,139563390:1,139563390:0,2026-08-24 01:44:39 +09:00,성공,
40443656,,1832,1,0,-1,135170426,135170426:1,135170426:1,2026-08-24 01:44:39 +09:00,성공,
41832383,we00375B,1853,4,1,-3,136008517;136620030;137836122;139077290,136008517:1;136620030:1;137836122:1;139077290:1,136008517:1;136620030:1;137836122:0;139077290:1,2026-08-24 01:44:39 +09:00,성공,
36925658,wp00368RG5  wp00371W5,1863,2,1,-1,137836122;139116121,137836122:1;139116121:1,137836122:0;139116121:1,2026-08-24 01:44:39 +09:00,성공,
36925657,wp00369WH5  wp00371W5,1867,2,1,-1,137836122;139116010,137836122:1;139116010:1,137836122:0;139116010:1,2026-08-24 01:44:39 +09:00,성공,
39663383,wb00354GO,1880,0,1,1,139563390,139563390:1,139563390:0,2026-08-24 01:44:39 +09:00,성공,
40443662,wn00353GO,1881,0,1,1,139943141,139943141:1,139943141:0,2026-08-24 01:44:39 +09:00,성공,
38252401,wn00340RG,1888,2,0,-2,137157395;139077290,137157395:1;139077290:1,137157395:1;139077290:1,2026-08-24 01:44:39 +09:00,성공,
39659874,wa00334RG,1893,0,2,2,139549213,139549213:2,139549213:0,2026-08-24 01:44:39 +09:00,성공,
38249239,we00241RG  wn00328RG,1898,4,6,2,139142928;139948902,139142928:4;139948902:4,139142928:2;139948902:0,2026-08-24 01:44:39 +09:00,성공,
37880248,,1899,2,0,-2,135170427,135170427:2,135170427:2,2026-08-24 01:44:39 +09:00,성공,
40283960,wn00323RG,1902,0,1,1,140064899,140064899:1,140064899:0,2026-08-24 01:44:39 +09:00,성공,
37880259,wn00307RG,1913,0,3,3,139942128,139942128:3,139942128:0,2026-08-24 01:44:39 +09:00,성공,
39659666,we00306RG,1914,4,0,-4,136027194;136620373;138445686,136027194:1;136620373:1;138445686:2,136027194:1;136620373:1;138445686:2,2026-08-24 01:44:39 +09:00,성공,
40284006,wr00289S17,1928,1,0,-1,138468242,138468242:1,138468242:1,2026-08-24 01:44:39 +09:00,성공,
36758561,wb00282RG,1931,2,1,-1,137836122;139142928,137836122:1;139142928:1,137836122:0;139142928:1,2026-08-24 01:44:39 +09:00,성공,
39145925,wn00260S,1952,0,1,1,139943029,139943029:1,139943029:0,2026-08-24 01:44:39 +09:00,성공,
41015523,ws00261S,1953,1,0,-1,139142928,139142928:1,139142928:1,2026-08-24 01:44:39 +09:00,성공,
38256623,wa00254S,1959,2,1,-1,136620373;137836122,136620373:1;137836122:1,136620373:1;137836122:0,2026-08-24 01:44:39 +09:00,성공,
35718318,we00233RG,1972,1,0,-1,138468242,138468242:1,138468242:1,2026-08-24 01:44:39 +09:00,성공,
43181822,wn00222GO,1980,1,0,-1,138468034,138468034:1,138468034:1,2026-08-24 01:44:39 +09:00,성공,
38256639,wn00220RG,1983,0,2,2,139948868,139948868:2,139948868:0,2026-08-24 01:44:39 +09:00,성공,
39606857,wb00213RG,1989,0,5,5,139549113,139549113:5,139549113:0,2026-08-24 01:44:39 +09:00,성공,
36792383,we00206R,1998,1,0,-1,136620373,136620373:1,136620373:1,2026-08-24 01:44:39 +09:00,성공,
39323519,we00197R,2025,1,0,-1,136008411,136008411:1,136008411:1,2026-08-24 01:44:39 +09:00,성공,
38098996,we00183RD,2037,0,12,12,139943029,139943029:12,139943029:0,2026-08-24 01:44:39 +09:00,성공,
35718329,we00183WH,2038,1,0,-1,138468034,138468034:1,138468034:1,2026-08-24 01:44:39 +09:00,성공,
39396427,we00168RG,2051,11,7,-4,137828283;138257313,137828283:1;138257313:10,137828283:1;138257313:3,2026-08-24 01:44:39 +09:00,성공,
38098999,we00130RG,2099,1,0,-1,137256802,137256802:1,137256802:1,2026-08-24 01:44:39 +09:00,성공,
59273295,wp000129RG5,2114,0,1,1,139549113,139549113:1,139549113:0,2026-08-24 01:44:39 +09:00,성공,
39914394,mp000128BK,2123,1,0,-1,139077290,139077290:1,139077290:1,2026-08-24 01:44:39 +09:00,성공,
39914389,mp000128WH,2124,2,0,-2,135170427,135170427:2,135170427:2,2026-08-24 01:44:39 +09:00,성공,
39398156,ws000127BB14,2130,1,0,-1,136027034,136027034:1,136027034:1,2026-08-24 01:44:39 +09:00,성공,
39914390,ws000127GO16,2137,1,0,-1,137157775,137157775:1,137157775:1,2026-08-24 01:44:39 +09:00,성공,
39993607,mp000127S,2158,0,1,1,139563390,139563390:1,139563390:0,2026-08-24 01:44:39 +09:00,성공,
61183310,ms000128BK,2159,0,1,1,139549113,139549113:1,139549113:0,2026-08-24 01:44:39 +09:00,성공,
39396849,wn00123RG,2168,2,1,-1,137836122;139142928,137836122:1;139142928:1,137836122:0;139142928:1,2026-08-24 01:44:39 +09:00,성공,
38250297,wa00115S,2184,0,1,1,139563390,139563390:1,139563390:0,2026-08-24 01:44:39 +09:00,성공,
43109987,wb0000112WH,2189,1,0,-1,138468034,138468034:1,138468034:1,2026-08-24 01:44:39 +09:00,성공,
40284101,wn0000111RD,2191,2,0,-2,137157395;139077290,137157395:1;139077290:1,137157395:1;139077290:1,2026-08-24 01:44:39 +09:00,성공,
57330211,we000106SI,2200,2,0,-2,137836122;139116121,137836122:1;139116121:1,137836122:1;139116121:1,2026-08-24 01:44:39 +09:00,성공,
37880262,wb00104G,2201,4,0,-4,136008517;137157395;137828019;139116010,136008517:1;137157395:1;137828019:1;139116010:1,136008517:1;137157395:1;137828019:1;139116010:1,2026-08-24 01:44:39 +09:00,성공,
39914799,wr00103RG17,2206,1,0,-1,135170426,135170426:1,135170426:1,2026-08-24 01:44:39 +09:00,성공,
39788518,wn00100RG,2214,1,0,-1,135170427,135170427:1,135170427:1,2026-08-24 01:44:39 +09:00,성공,
38293844,we00089RG,2221,0,10,10,139947262,139947262:10,139947262:0,2026-08-24 01:44:39 +09:00,성공,
38293845,we00089S,2222,0,2,2,139940844,139940844:2,139940844:0,2026-08-24 01:44:39 +09:00,성공,
40241522,we0000087,2229,1,0,-1,137157395,137157395:1,137157395:1,2026-08-24 01:44:39 +09:00,성공,
39787246,wn0000086,2232,1,0,-1,138445686,138445686:1,138445686:1,2026-08-24 01:44:39 +09:00,성공,
38250286,wn000075SSS,2251,6,4,-2,137836122;138257431,137836122:1;138257431:5,137836122:0;138257431:2,2026-08-24 01:44:39 +09:00,성공,
39304161,wr00075RG14,2253,1,0,-1,139142652,139142652:1,139142652:1,2026-08-24 01:44:39 +09:00,성공,
38249448,wr00074RG11,2257,3,0,-3,136620373;137155874;138468242,136620373:1;137155874:1;138468242:1,136620373:1;137155874:1;138468242:1,2026-08-24 01:44:39 +09:00,성공,
39304162,wr00074RG14,2258,0,1,1,139563390,139563390:1,139563390:0,2026-08-24 01:44:39 +09:00,성공,
39753944,wr00074RG17,2259,0,2,2,139943141,139943141:2,139943141:0,2026-08-24 01:44:39 +09:00,성공,
39138703,wb000064S,2270,2,1,-1,137836122;139142928,137836122:1;139142928:1,137836122:0;139142928:1,2026-08-24 01:44:39 +09:00,성공,
40264887,mn0054S,2297,8,6,-2,135170426;139948298,135170426:8;139948298:6,135170426:8;139948298:0,2026-08-24 01:44:39 +09:00,성공,
36788082,wa00053S,2303,1,0,-1,138468034,138468034:1,138468034:1,2026-08-24 01:44:39 +09:00,성공,
40672768,mn0048BR3mm,2317,0,3,3,139948868,139948868:3,139948868:0,2026-08-24 01:44:39 +09:00,성공,
56761107,wn00042GO,2329,1,0,-1,139116010,139116010:1,139116010:1,2026-08-24 01:44:39 +09:00,성공,
56760093,wn00041RG,2333,1,0,-1,137157395,137157395:1,137157395:1,2026-08-24 01:44:39 +09:00,성공,
47707068,wa00034GO,2348,2,1,-1,137157395;139116224,137157395:1;139116224:1,137157395:0;139116224:1,2026-08-24 01:44:39 +09:00,성공,
58715702,g00031,2362,1,0,-1,139142928,139142928:1,139142928:1,2026-08-24 01:44:39 +09:00,성공,
39787059,mr000029S22,2368,1,0,-1,138468242,138468242:1,138468242:1,2026-08-24 01:44:39 +09:00,성공,
58715699,g00029,2371,2,0,-2,135816378,135816378:2,135816378:2,2026-08-24 01:44:39 +09:00,성공,
37880242,wn00024RG,2376,3,0,-3,137256802,137256802:3,137256802:3,2026-08-24 01:44:39 +09:00,성공,
39226212,mb0025S,2378,1,0,-1,136008517,136008517:1,136008517:1,2026-08-24 01:44:39 +09:00,성공,
39374886,mr000022S22,2392,1,0,-1,139116224,139116224:1,139116224:1,2026-08-24 01:44:39 +09:00,성공,
58073613,g00021,2398,2,0,-2,135816378,135816378:2,135816378:2,2026-08-24 01:44:39 +09:00,성공,
35718324,we00019RG,2402,1,0,-1,139142652,139142652:1,139142652:1,2026-08-24 01:44:39 +09:00,성공,
58073609,g00017,2419,2,0,-2,135816369,135816369:2,135816369:2,2026-08-24 01:44:39 +09:00,성공,
40284087,wn00013RG,2430,1,0,-1,136620030,136620030:1,136620030:1,2026-08-24 01:44:39 +09:00,성공,
37880252,,2433,0,1,1,139948298,139948298:1,139948298:0,2026-08-24 01:44:39 +09:00,성공,
57771534,g00012,2437,2,0,-2,135816373,135816373:2,135816373:2,2026-08-24 01:44:39 +09:00,성공,
38250300,mn0010BS,2439,1,0,-1,138468034,138468034:1,138468034:1,2026-08-24 01:44:39 +09:00,성공,
57771533,g00011,2442,2,1,-1,135816378;139946620,135816378:2;139946620:1,135816378:2;139946620:0,2026-08-24 01:44:39 +09:00,성공,
40156897,mn000010S,2450,1,0,-1,136008411,136008411:1,136008411:1,2026-08-24 01:44:39 +09:00,성공,
37880253,mb0007S,2454,10,0,-10,135170427,135170427:10,135170427:10,2026-08-24 01:44:39 +09:00,성공,
57498688,,2460,1,0,-1,136027138,136027138:1,136027138:1,2026-08-24 01:44:39 +09:00,성공,
57211594,g00007,2466,2,0,-2,135816378,135816378:2,135816378:2,2026-08-24 01:44:39 +09:00,성공,
58007484,,2474,2,1,-1,135816373,135816373:2,135816373:1,2026-08-24 01:44:39 +09:00,성공,
39607886,mr0005S25,2478,0,1,1,139563390,139563390:1,139563390:0,2026-08-24 01:44:39 +09:00,성공,
57211641,g00006,2479,1,0,-1,137156678,137156678:1,137156678:1,2026-08-24 01:44:39 +09:00,성공,
39626068,mn0003S,2492,1,0,-1,139116121,139116121:1,139116121:1,2026-08-24 01:44:39 +09:00,성공,
40443658,mn0002S,2497,1,0,-1,138468242,138468242:1,138468242:1,2026-08-24 01:44:39 +09:00,성공,
57211611,g00001,2503,2,6,4,135816378;139948972,135816378:2;139948972:6,135816378:2;139948972:0,2026-08-24 01:44:39 +09:00,성공,
39660185,mn000002S,2508,1,0,-1,138445686,138445686:1,138445686:1,2026-08-24 01:44:39 +09:00,성공,
40156891,mn000001S,2510,1,0,-1,138468034,138468034:1,138468034:1,2026-08-24 01:44:39 +09:00,성공,
40444484,,2521,1,0,-1,135170426,135170426:1,135170426:1,2026-08-24 01:44:39 +09:00,성공,
39236923,,2590,1,0,-1,136027034,136027034:1,136027034:1,2026-08-24 01:44:39 +09:00,성공,
40379511,,2647,2,1,-1,136027034;137835812,136027034:1;137835812:1,136027034:0;137835812:1,2026-08-24 01:44:39 +09:00,성공,
39218737,,2671,1,0,-1,137157395,137157395:1,137157395:1,2026-08-24 01:44:39 +09:00,성공,
