"SKU","모델SKU","현재 제품DB 미입고","계산상 정상 미입고","관련 발주번호","발주수량","실제 입고수량","입고예정일","실제 입고일","차이","예상 원인","자동 수정 가능"
"45476097","wn012062RG","0","24","139947012, 139947078","24","0","2026-08-28","","24","기존 _입고요약 열 위치 오해 또는 발주별 실입고 누계 미사용","가능"
"36775763","wb011534RG","0","20","139948621, 139948902","20","0","2026-08-28","","20","기존 _입고요약 열 위치 오해 또는 발주별 실입고 누계 미사용","가능"
"38249450","ws011627RG","20","0","135170426, 135170427","20","20","2026-07-02","","-20","기존 _입고요약 열 위치 오해 또는 발주별 실입고 누계 미사용","가능"
"39135917","wb011231RG","0","16","139948005","16","0","2026-08-28","","16","기존 _입고요약 열 위치 오해 또는 발주별 실입고 누계 미사용","가능"
"41735372","mn011240","13","0","137156799","13","13","2026-07-24","2026/07/27 1:40:49","-13","기존 _입고요약 열 위치 오해 또는 발주별 실입고 누계 미사용","가능"
"36786784","wa011474SS","12","0","135170426, 137256802","12","12","2026-07-02, 2026-07-28","2026/07/29 14:20:56","-12","기존 _입고요약 열 위치 오해 또는 발주별 실입고 누계 미사용","가능"
"38098996","we00183RD","0","12","139943029","12","0","2026-08-28","","12","기존 _입고요약 열 위치 오해 또는 발주별 실입고 누계 미사용","가능"
"37880253","mb0007S","10","0","135170427","10","10","2026-07-02","","-10","기존 _입고요약 열 위치 오해 또는 발주별 실입고 누계 미사용","가능"
"38256625","wn011629RB","0","10","139948298","10","0","2026-08-28","","10","기존 _입고요약 열 위치 오해 또는 발주별 실입고 누계 미사용","가능"
"38293844","we00089RG","0","10","139947262","10","0","2026-08-28","","10","기존 _입고요약 열 위치 오해 또는 발주별 실입고 누계 미사용","가능"
"39169551","mn011541SS","0","10","139942128","10","0","2026-08-28","","10","기존 _입고요약 열 위치 오해 또는 발주별 실입고 누계 미사용","가능"
"38448723","wp011601GO","0","9","139943141","9","0","2026-08-28","","9","기존 _입고요약 열 위치 오해 또는 발주별 실입고 누계 미사용","가능"
"39606799","wa011146RG","18","9","136008833, 137156487, 139142652","18","9","2026-07-10, 2026-07-24, 2026-08-14","2026/07/24 22:26:57","-9","기존 _입고요약 열 위치 오해 또는 발주별 실입고 누계 미사용","가능"
"38256641","mp011412BK","0","8","139940943","8","0","2026-08-28","","8","기존 _입고요약 열 위치 오해 또는 발주별 실입고 누계 미사용","가능"
"39138705","mn011456SI","16","8","136008517, 136619665, 138257431","16","8","2026-07-10, 2026-07-24, 2026-08-05","2026/07/24 22:26:57","-8","기존 _입고요약 열 위치 오해 또는 발주별 실입고 누계 미사용","가능"
"44317440","mn011591SI","8","0","137836122, 139142928","8","8","2026-07-31, 2026-08-14","2026/08/21 17:30:55","-8","기존 _입고요약 열 위치 오해 또는 발주별 실입고 누계 미사용","가능"
"38252380","wn011527RG","0","6","139947262","6","0","2026-08-28","","6","기존 _입고요약 열 위치 오해 또는 발주별 실입고 누계 미사용","가능"
"38256612","wn011330SI","0","6","139948298","6","0","2026-08-28","","6","기존 _입고요약 열 위치 오해 또는 발주별 실입고 누계 미사용","가능"
"38256616","wn011330GO","0","6","139940844","6","0","2026-08-28","","6","기존 _입고요약 열 위치 오해 또는 발주별 실입고 누계 미사용","가능"
"48383434","wa011159GO","6","0","137836122, 138256762","6","6","2026-07-31, 2026-08-05","2026/08/10 17:44:41","-6","기존 _입고요약 열 위치 오해 또는 발주별 실입고 누계 미사용","가능"
"76343189","wn11327-RGWH","7","1","136673116, 137836122, 138257149","7","6","2026-07-16, 2026-07-31, 2026-08-05","2026/08/09 2:39:09","-6","기존 _입고요약 열 위치 오해 또는 발주별 실입고 누계 미사용","가능"
"37880257","wn011539RO","13","8","138468034","13","5","2026-08-13","2026/08/20 16:39:00","-5","기존 _입고요약 열 위치 오해 또는 발주별 실입고 누계 미사용","가능"
"38256624","wa011156RG","0","5","139940844","5","0","2026-08-28","","5","기존 _입고요약 열 위치 오해 또는 발주별 실입고 누계 미사용","가능"
"39606857","wb00213RG","0","5","139549113","5","0","2026-08-25","","5","기존 _입고요약 열 위치 오해 또는 발주별 실입고 누계 미사용","가능"
"37880262","wb00104G","4","0","136008517, 137157395, 137828019, 139116010","4","4","2026-07-10, 2026-07-24, 2026-07-31, 2026-08-14","2026/08/20 11:26:17","-4","기존 _입고요약 열 위치 오해 또는 발주별 실입고 누계 미사용","가능"
"37880263","wsS011163RG","4","0","135170427","4","4","2026-07-02","","-4","기존 _입고요약 열 위치 오해 또는 발주별 실입고 누계 미사용","가능"
"38249452","wn011566RO","0","4","139942128","4","0","2026-08-28","","4","기존 _입고요약 열 위치 오해 또는 발주별 실입고 누계 미사용","가능"
"38256614","wn011330RO","0","4","139947107","4","0","2026-08-28","","4","기존 _입고요약 열 위치 오해 또는 발주별 실입고 누계 미사용","가능"
"38256629","wn011629GO","0","4","139947262","4","0","2026-08-28","","4","기존 _입고요약 열 위치 오해 또는 발주별 실입고 누계 미사용","가능"
"38921491","mn011922SI","0","4","139948868","4","0","2026-08-28","","4","기존 _입고요약 열 위치 오해 또는 발주별 실입고 누계 미사용","가능"
"39307061","we011631RG","0","4","139948298","4","0","2026-08-28","","4","기존 _입고요약 열 위치 오해 또는 발주별 실입고 누계 미사용","가능"
"39396427","we00168RG","11","7","137828283, 138257313","11","4","2026-07-31, 2026-08-05","2026/08/06 23:04:55","-4","기존 _입고요약 열 위치 오해 또는 발주별 실입고 누계 미사용","가능"
"39407771","mr011426S22","4","0","135170427","4","4","2026-07-02","","-4","기존 _입고요약 열 위치 오해 또는 발주별 실입고 누계 미사용","가능"
"39626056","wn011858RG","0","4","139948868","4","0","2026-08-28","","4","기존 _입고요약 열 위치 오해 또는 발주별 실입고 누계 미사용","가능"
"39659666","we00306RG","4","0","136027194, 136620373, 138445686","4","4","2026-07-10, 2026-07-24, 2026-08-12","2026/08/21 18:46:20","-4","기존 _입고요약 열 위치 오해 또는 발주별 실입고 누계 미사용","가능"
"40283995","mr011427S20","5","1","136619665, 137836122, 138257431","5","4","2026-07-24, 2026-07-31, 2026-08-05","2026/08/08 17:40:36","-4","기존 _입고요약 열 위치 오해 또는 발주별 실입고 누계 미사용","가능"
"44947077","we011945SI","4","0","137157395","4","4","2026-07-24","2026/07/31 15:00:03","-4","기존 _입고요약 열 위치 오해 또는 발주별 실입고 누계 미사용","가능"
"57211611","g00001","2","6","135816378, 139948972","8","2","2026-07-10, 2026-09-04","","4","기존 _입고요약 열 위치 오해 또는 발주별 실입고 누계 미사용","가능"
"57294857","","5","1","135368002, 136008283, 139077290","5","4","2026-07-03, 2026-07-10, 2026-08-14","2026/08/21 19:39:40","-4","기존 _입고요약 열 위치 오해 또는 발주별 실입고 누계 미사용","가능"
"57617440","","2","6","135816373, 139947298","8","2","2026-07-10, 2026-09-04","","4","기존 _입고요약 열 위치 오해 또는 발주별 실입고 누계 미사용","가능"
"61174285","mn011239GO","4","0","136620373, 138257431","4","4","2026-07-24, 2026-08-05","2026/08/08 17:40:36","-4","기존 _입고요약 열 위치 오해 또는 발주별 실입고 누계 미사용","가능"
"36787014","wb011425RG","3","0","137256802","3","3","2026-07-28","2026/07/29 14:20:55","-3","기존 _입고요약 열 위치 오해 또는 발주별 실입고 누계 미사용","가능"
"37880242","wn00024RG","3","0","137256802","3","3","2026-07-28","2026/07/29 14:20:55","-3","기존 _입고요약 열 위치 오해 또는 발주별 실입고 누계 미사용","가능"
"37880259","wn00307RG","0","3","139942128","3","0","2026-08-28","","3","기존 _입고요약 열 위치 오해 또는 발주별 실입고 누계 미사용","가능"
"38249448","wr00074RG11","3","0","137155874, 136620373, 138468242","3","3","2026-07-24, 2026-08-13","2026/08/19 15:30:39","-3","기존 _입고요약 열 위치 오해 또는 발주별 실입고 누계 미사용","가능"
"38921603","we011892RG","3","0","137156148, 136620373, 138468242","3","3","2026-07-24, 2026-08-13","2026/08/19 15:00:08","-3","기존 _입고요약 열 위치 오해 또는 발주별 실입고 누계 미사용","가능"
"39169548","ms011591S25","5","2","136620373, 138257431","5","3","2026-07-24, 2026-08-05","2026/08/08 17:40:36","-3","기존 _입고요약 열 위치 오해 또는 발주별 실입고 누계 미사용","가능"
"40283994","mr011427S22","3","0","135170427","3","3","2026-07-02","","-3","기존 _입고요약 열 위치 오해 또는 발주별 실입고 누계 미사용","가능"
"40284086","we011409YG","6","3","137156487","6","3","2026-07-24","2026/07/24 22:26:57","-3","기존 _입고요약 열 위치 오해 또는 발주별 실입고 누계 미사용","가능"
"40672768","mn0048BR3mm","0","3","139948868","3","0","2026-08-28","","3","기존 _입고요약 열 위치 오해 또는 발주별 실입고 누계 미사용","가능"
"41832383","we00375B","4","1","136008517, 136620030, 137836122, 139077290","4","3","2026-07-10, 2026-07-24, 2026-07-31, 2026-08-14","2026/08/21 18:39:57","-3","기존 _입고요약 열 위치 오해 또는 발주별 실입고 누계 미사용","가능"
"43089555","we011637RG","3","0","136008517, 137155874, 139142928","3","3","2026-07-10, 2026-07-24, 2026-08-14","2026/08/21 17:53:10","-3","기존 _입고요약 열 위치 오해 또는 발주별 실입고 누계 미사용","가능"
"44947079","we011944RG","3","0","136008833","3","3","2026-07-10","","-3","기존 _입고요약 열 위치 오해 또는 발주별 실입고 누계 미사용","가능"
"36786783","wa011473GO","0","2","139942128","2","0","2026-08-28","","2","기존 _입고요약 열 위치 오해 또는 발주별 실입고 누계 미사용","가능"
"37880248","","2","0","135170427","2","2","2026-07-02","","-2","기존 _입고요약 열 위치 오해 또는 발주별 실입고 누계 미사용","가능"
"37880265","wsS011163SI","0","2","139948298","2","0","2026-08-28","","2","기존 _입고요약 열 위치 오해 또는 발주별 실입고 누계 미사용","가능"
"38098998","we00529RG","3","1","136008833, 137836122, 139116010","3","2","2026-07-10, 2026-07-31, 2026-08-14","2026/08/20 11:26:17","-2","기존 _입고요약 열 위치 오해 또는 발주별 실입고 누계 미사용","가능"
"38249239","we00241RG
 wn00328RG","4","6","139142928, 139948902","8","2","2026-08-14, 2026-08-28","2026/08/21 16:37:51","2","기존 _입고요약 열 위치 오해 또는 발주별 실입고 누계 미사용","가능"
"38250286","wn000075SSS","6","4","137836122, 138257431","6","2","2026-07-31, 2026-08-05","2026/08/08 17:40:36","-2","기존 _입고요약 열 위치 오해 또는 발주별 실입고 누계 미사용","가능"
"38251670","we011904RG","0","2","139942128","2","0","2026-08-28","","2","기존 _입고요약 열 위치 오해 또는 발주별 실입고 누계 미사용","가능"
"38252401","wn00340RG","2","0","137157395, 139077290","2","2","2026-07-24, 2026-08-14","2026/08/21 18:41:57","-2","기존 _입고요약 열 위치 오해 또는 발주별 실입고 누계 미사용","가능"
"38256588","mb011241","0","2","139948868","2","0","2026-08-28","","2","기존 _입고요약 열 위치 오해 또는 발주별 실입고 누계 미사용","가능"
"38256639","wn00220RG","0","2","139948868","2","0","2026-08-28","","2","기존 _입고요약 열 위치 오해 또는 발주별 실입고 누계 미사용","가능"
"38293845","we00089S","0","2","139940844","2","0","2026-08-28","","2","기존 _입고요약 열 위치 오해 또는 발주별 실입고 누계 미사용","가능"
"38921478","wr011792SI","2","0","135170427","2","2","2026-07-02","","-2","기존 _입고요약 열 위치 오해 또는 발주별 실입고 누계 미사용","가능"
"38921493","wr011882SI17","2","0","135170427","2","2","2026-07-02","","-2","기존 _입고요약 열 위치 오해 또는 발주별 실입고 누계 미사용","가능"
"38921505","wb011852GO","2","0","137256945","2","2","2026-07-28","2026/07/29 0:21:00","-2","기존 _입고요약 열 위치 오해 또는 발주별 실입고 누계 미사용","가능"
"38960416","wr011793SI11","3","1","137836122, 138257211","3","2","2026-07-31, 2026-08-05","2026/08/05 19:52:48","-2","기존 _입고요약 열 위치 오해 또는 발주별 실입고 누계 미사용","가능"
"39010005","wn011862RG","3","1","137836122, 138257431","3","2","2026-07-31, 2026-08-05","2026/08/08 17:40:36","-2","기존 _입고요약 열 위치 오해 또는 발주별 실입고 누계 미사용","가능"
"39010039","we011910SI","2","0","135170427","2","2","2026-07-02","","-2","기존 _입고요약 열 위치 오해 또는 발주별 실입고 누계 미사용","가능"
"39010046","wn011868BK","2","0","135170427","2","2","2026-07-02","","-2","기존 _입고요약 열 위치 오해 또는 발주별 실입고 누계 미사용","가능"
"39169557","wn011566SS","9","7","136008517, 137156487, 138257431","9","2","2026-07-10, 2026-07-24, 2026-08-05","","-2","기존 _입고요약 열 위치 오해 또는 발주별 실입고 누계 미사용","가능"
"39407769","mr011426S25","0","2","139948298","2","0","2026-08-28","","2","기존 _입고요약 열 위치 오해 또는 발주별 실입고 누계 미사용","가능"
"39659874","wa00334RG","0","2","139549213","2","0","2026-08-25","","2","기존 _입고요약 열 위치 오해 또는 발주별 실입고 누계 미사용","가능"
"39753944","wr00074RG17","0","2","139943141","2","0","2026-08-28","","2","기존 _입고요약 열 위치 오해 또는 발주별 실입고 누계 미사용","가능"
"39914389","mp000128WH","2","0","135170427","2","2","2026-07-02","","-2","기존 _입고요약 열 위치 오해 또는 발주별 실입고 누계 미사용","가능"
"40264887","mn0054S","8","6","135170426, 139948298","14","8","2026-07-02, 2026-08-28","","-2","기존 _입고요약 열 위치 오해 또는 발주별 실입고 누계 미사용","가능"
"40283997","mr011427S25","2","0","135170427","2","2","2026-07-02","","-2","기존 _입고요약 열 위치 오해 또는 발주별 실입고 누계 미사용","가능"
"40284024","wb011625SS","3","1","137836122, 138257431","3","2","2026-07-31, 2026-08-05","2026/08/08 17:40:36","-2","기존 _입고요약 열 위치 오해 또는 발주별 실입고 누계 미사용","가능"
"40284096","we011409SS","2","0","135170427","2","2","2026-07-02","","-2","기존 _입고요약 열 위치 오해 또는 발주별 실입고 누계 미사용","가능"
"40284101","wn0000111RD","2","0","137157395, 139077290","2","2","2026-07-24, 2026-08-14","2026/08/21 18:54:40","-2","기존 _입고요약 열 위치 오해 또는 발주별 실입고 누계 미사용","가능"
"41093270","wp011405RG","3","1","136027034, 137836122, 139116010","3","2","2026-07-10, 2026-07-31, 2026-08-14","2026/08/20 11:26:17","-2","기존 _입고요약 열 위치 오해 또는 발주별 실입고 누계 미사용","가능"
"57211594","g00007","2","0","135816378","2","2","2026-07-10","","-2","기존 _입고요약 열 위치 오해 또는 발주별 실입고 누계 미사용","가능"
"57330211","we000106SI","2","0","137836122, 139116121","2","2","2026-07-31, 2026-08-14","2026/08/19 20:32:20","-2","기존 _입고요약 열 위치 오해 또는 발주별 실입고 누계 미사용","가능"
"57498677","","2","0","135368002, 136620030","2","2","2026-07-03, 2026-07-24","2026/07/27 2:01:56","-2","기존 _입고요약 열 위치 오해 또는 발주별 실입고 누계 미사용","가능"
"57498694","","2","0","135368002, 138468242","2","2","2026-07-03, 2026-08-13","2026/08/19 16:04:31","-2","기존 _입고요약 열 위치 오해 또는 발주별 실입고 누계 미사용","가능"
"57617435","","2","0","135816378","2","2","2026-07-10","","-2","기존 _입고요약 열 위치 오해 또는 발주별 실입고 누계 미사용","가능"
"57618238","","2","0","135816369","2","2","2026-07-10","","-2","기존 _입고요약 열 위치 오해 또는 발주별 실입고 누계 미사용","가능"
"57737282","wr011707RW9","2","0","137836122, 139116224","2","2","2026-07-31, 2026-08-14","2026/08/21 9:21:12","-2","기존 _입고요약 열 위치 오해 또는 발주별 실입고 누계 미사용","가능"
"57771534","g00012","2","0","135816373","2","2","2026-07-10","","-2","기존 _입고요약 열 위치 오해 또는 발주별 실입고 누계 미사용","가능"
"57892854","","2","0","135816369","2","2","2026-07-10","","-2","기존 _입고요약 열 위치 오해 또는 발주별 실입고 누계 미사용","가능"
"58073609","g00017","2","0","135816369","2","2","2026-07-10","","-2","기존 _입고요약 열 위치 오해 또는 발주별 실입고 누계 미사용","가능"
"58073613","g00021","2","0","135816378","2","2","2026-07-10","","-2","기존 _입고요약 열 위치 오해 또는 발주별 실입고 누계 미사용","가능"
"58715699","g00029","2","0","135816378","2","2","2026-07-10","","-2","기존 _입고요약 열 위치 오해 또는 발주별 실입고 누계 미사용","가능"
"58963358","we012054RG-L","2","0","137156987, 138445686","2","2","2026-07-24, 2026-08-12","2026/08/21 18:46:20","-2","기존 _입고요약 열 위치 오해 또는 발주별 실입고 누계 미사용","가능"
"76343190","wn11327-RGBK","2","0","136588148, 139142928","2","2","2026-07-16, 2026-08-14","2026/08/21 16:45:41","-2","기존 _입고요약 열 위치 오해 또는 발주별 실입고 누계 미사용","가능"
"76343193","wn11327-GOBK","2","0","136673116, 139142928","2","2","2026-07-16, 2026-08-14","2026/08/21 16:19:30","-2","기존 _입고요약 열 위치 오해 또는 발주별 실입고 누계 미사용","가능"
"76343194","wn11327-GOWH","2","0","136673116, 139077290","2","2","2026-07-16, 2026-08-14","2026/08/21 18:41:57","-2","기존 _입고요약 열 위치 오해 또는 발주별 실입고 누계 미사용","가능"
"35718318","we00233RG","1","0","138468242","1","1","2026-08-13","2026/08/20 13:55:20","-1","기존 _입고요약 열 위치 오해 또는 발주별 실입고 누계 미사용","가능"
"35718324","we00019RG","1","0","139142652","1","1","2026-08-14","2026/08/20 21:02:49","-1","기존 _입고요약 열 위치 오해 또는 발주별 실입고 누계 미사용","가능"
"35718329","we00183WH","1","0","138468034","1","1","2026-08-13","2026/08/20 16:34:51","-1","기존 _입고요약 열 위치 오해 또는 발주별 실입고 누계 미사용","가능"
"36758561","wb00282RG","2","1","137836122, 139142928","2","1","2026-07-31, 2026-08-14","2026/08/21 16:24:06","-1","기존 _입고요약 열 위치 오해 또는 발주별 실입고 누계 미사용","가능"
"36758566","wb012107RG","0","1","139549113","1","0","2026-08-25","","1","기존 _입고요약 열 위치 오해 또는 발주별 실입고 누계 미사용","가능"
"36786775","wa011474RO","2","1","135170427, 139943141","3","2","2026-07-02, 2026-08-28","","-1","기존 _입고요약 열 위치 오해 또는 발주별 실입고 누계 미사용","가능"
"36787011","wb011811","0","1","139563390","1","0","2026-08-25","","1","기존 _입고요약 열 위치 오해 또는 발주별 실입고 누계 미사용","가능"
"36788076","wa011492SS","1","0","138468242","1","1","2026-08-13","2026/08/19 16:36:47","-1","기존 _입고요약 열 위치 오해 또는 발주별 실입고 누계 미사용","가능"
"36788081","wa011153S","1","0","138445686","1","1","2026-08-12","2026/08/21 18:48:24","-1","기존 _입고요약 열 위치 오해 또는 발주별 실입고 누계 미사용","가능"
"36788082","wa00053S","1","0","138468034","1","1","2026-08-13","2026/08/20 16:34:51","-1","기존 _입고요약 열 위치 오해 또는 발주별 실입고 누계 미사용","가능"
"36788084","wa011152S","1","0","137157395","1","1","2026-07-24","2026/07/31 15:32:33","-1","기존 _입고요약 열 위치 오해 또는 발주별 실입고 누계 미사용","가능"
"36792376","we011505Y4","1","0","138468034","1","1","2026-08-13","2026/08/20 16:39:00","-1","기존 _입고요약 열 위치 오해 또는 발주별 실입고 누계 미사용","가능"
"36792383","we00206R","1","0","136620373","1","1","2026-07-24","2026/07/25 16:10:05","-1","기존 _입고요약 열 위치 오해 또는 발주별 실입고 누계 미사용","가능"
"36792386","we011631GO","1","0","136620373","1","1","2026-07-24","2026/07/25 16:10:05","-1","기존 _입고요약 열 위치 오해 또는 발주별 실입고 누계 미사용","가능"
"36792392","mp011439BK","0","1","139563390","1","0","2026-08-25","","1","기존 _입고요약 열 위치 오해 또는 발주별 실입고 누계 미사용","가능"
"36925657","wp00369WH5
 wp00371W5","2","1","137836122, 139116010","2","1","2026-07-31, 2026-08-14","2026/08/20 11:26:17","-1","기존 _입고요약 열 위치 오해 또는 발주별 실입고 누계 미사용","가능"
"36925658","wp00368RG5
 wp00371W5","2","1","137836122, 139116121","2","1","2026-07-31, 2026-08-14","2026/08/19 20:32:20","-1","기존 _입고요약 열 위치 오해 또는 발주별 실입고 누계 미사용","가능"
"37880252","","0","1","139948298","1","0","2026-08-28","","1","기존 _입고요약 열 위치 오해 또는 발주별 실입고 누계 미사용","가능"
"38098999","we00130RG","1","0","137256802","1","1","2026-07-28","2026/07/29 14:20:55","-1","기존 _입고요약 열 위치 오해 또는 발주별 실입고 누계 미사용","가능"
"38250283","wn011503GO","5","6","135170427, 139948298","11","5","2026-07-02, 2026-08-28","","1","기존 _입고요약 열 위치 오해 또는 발주별 실입고 누계 미사용","가능"
"38250297","wa00115S","0","1","139563390","1","0","2026-08-25","","1","기존 _입고요약 열 위치 오해 또는 발주별 실입고 누계 미사용","가능"
"38250300","mn0010BS","1","0","138468034","1","1","2026-08-13","2026/08/20 16:34:51","-1","기존 _입고요약 열 위치 오해 또는 발주별 실입고 누계 미사용","가능"
"38251667","we011895WH","1","0","135170427","1","1","2026-07-02","","-1","기존 _입고요약 열 위치 오해 또는 발주별 실입고 누계 미사용","가능"
"38251668","we011901RG","1","0","135170427","1","1","2026-07-02","","-1","기존 _입고요약 열 위치 오해 또는 발주별 실입고 누계 미사용","가능"
"38252387","mn011681SS","1","0","138445686","1","1","2026-08-12","2026/08/21 18:55:00","-1","기존 _입고요약 열 위치 오해 또는 발주별 실입고 누계 미사용","가능"
"38256593","wn011314","0","1","139940943","1","0","2026-08-28","","1","기존 _입고요약 열 위치 오해 또는 발주별 실입고 누계 미사용","가능"
"38256595","we011505Y3","1","0","138468242","1","1","2026-08-13","2026/08/19 15:38:14","-1","기존 _입고요약 열 위치 오해 또는 발주별 실입고 누계 미사용","가능"
"38256599","wn011482SI","1","0","138468034","1","1","2026-08-13","2026/08/20 16:34:51","-1","기존 _입고요약 열 위치 오해 또는 발주별 실입고 누계 미사용","가능"
"38256623","wa00254S","2","1","136620373, 137836122","2","1","2026-07-24, 2026-07-31","2026/07/25 16:10:05","-1","기존 _입고요약 열 위치 오해 또는 발주별 실입고 누계 미사용","가능"
"38256644","we011505Y2","1","0","138445686","1","1","2026-08-12","2026/08/21 18:46:20","-1","기존 _입고요약 열 위치 오해 또는 발주별 실입고 누계 미사용","가능"
"38278801","we011902RG","1","0","135170426","1","1","2026-07-02","","-1","기존 _입고요약 열 위치 오해 또는 발주별 실입고 누계 미사용","가능"
"38813772","we011890SI","1","0","135170427","1","1","2026-07-02","","-1","기존 _입고요약 열 위치 오해 또는 발주별 실입고 누계 미사용","가능"
"38876905","we011846RG","1","0","136620373","1","1","2026-07-24","2026/07/25 16:10:05","-1","기존 _입고요약 열 위치 오해 또는 발주별 실입고 누계 미사용","가능"
"38881901","wn011931SI","1","0","138445686","1","1","2026-08-12","2026/08/21 18:48:24","-1","기존 _입고요약 열 위치 오해 또는 발주별 실입고 누계 미사용","가능"
"38921461","wr011905RG17","1","0","135170426","1","1","2026-07-02","","-1","기존 _입고요약 열 위치 오해 또는 발주별 실입고 누계 미사용","가능"
"38921462","wr011881GO14","1","0","135170426","1","1","2026-07-02","","-1","기존 _입고요약 열 위치 오해 또는 발주별 실입고 누계 미사용","가능"
"38921470","wr011882GO11","1","0","138468034","1","1","2026-08-13","2026/08/20 16:34:51","-1","기존 _입고요약 열 위치 오해 또는 발주별 실입고 누계 미사용","가능"
"38921484","wn011793GO","1","0","136008833","1","1","2026-07-10","","-1","기존 _입고요약 열 위치 오해 또는 발주별 실입고 누계 미사용","가능"
"38921486","wr011792GO","1","0","138468242","1","1","2026-08-13","2026/08/19 15:10:18","-1","기존 _입고요약 열 위치 오해 또는 발주별 실입고 누계 미사용","가능"
"38921492","ws011792GO","0","1","139563390","1","0","2026-08-25","","1","기존 _입고요약 열 위치 오해 또는 발주별 실입고 누계 미사용","가능"
"38921506","wr011883SI14","1","0","135170427","1","1","2026-07-02","","-1","기존 _입고요약 열 위치 오해 또는 발주별 실입고 누계 미사용","가능"
"38921524","wr011883RG11","1","0","137157395","1","1","2026-07-24","2026/07/31 17:12:33","-1","기존 _입고요약 열 위치 오해 또는 발주별 실입고 누계 미사용","가능"
"38921573","we011795RG","1","0","136008517","1","1","2026-07-10","","-1","기존 _입고요약 열 위치 오해 또는 발주별 실입고 누계 미사용","가능"
"38921581","we011891SI","1","0","136008517","1","1","2026-07-10","","-1","기존 _입고요약 열 위치 오해 또는 발주별 실입고 누계 미사용","가능"
"38921598","we011805BK","2","1","137156987, 139116121","2","1","2026-07-24, 2026-08-14","2026/07/24 20:44:37","-1","기존 _입고요약 열 위치 오해 또는 발주별 실입고 누계 미사용","가능"
"38983739","we011740SI","1","0","135170426","1","1","2026-07-02","","-1","기존 _입고요약 열 위치 오해 또는 발주별 실입고 누계 미사용","가능"
"39009993","we011909WH","1","0","135170427","1","1","2026-07-02","","-1","기존 _입고요약 열 위치 오해 또는 발주별 실입고 누계 미사용","가능"
"39009997","wn011868GE","1","0","136620373","1","1","2026-07-24","2026/07/25 16:10:05","-1","기존 _입고요약 열 위치 오해 또는 발주별 실입고 누계 미사용","가능"
"39009999","wn011856SI","1","0","137157395","1","1","2026-07-24","2026/07/31 16:50:58","-1","기존 _입고요약 열 위치 오해 또는 발주별 실입고 누계 미사용","가능"
"39010013","wn011855RG","1","0","136620373","1","1","2026-07-24","2026/07/25 16:03:28","-1","기존 _입고요약 열 위치 오해 또는 발주별 실입고 누계 미사용","가능"
"39010016","wn011855GO","1","0","136008517","1","1","2026-07-10","","-1","기존 _입고요약 열 위치 오해 또는 발주별 실입고 누계 미사용","가능"
"39010027","wn011869RG","1","0","138468034","1","1","2026-08-13","2026/08/20 16:34:51","-1","기존 _입고요약 열 위치 오해 또는 발주별 실입고 누계 미사용","가능"
"39010033","wn011871GO","1","0","139142928","1","1","2026-08-14","2026/08/21 16:50:19","-1","기존 _입고요약 열 위치 오해 또는 발주별 실입고 누계 미사용","가능"
"39010036","we011893SI","1","0","138468034","1","1","2026-08-13","2026/08/20 16:34:51","-1","기존 _입고요약 열 위치 오해 또는 발주별 실입고 누계 미사용","가능"
"39010056","wr011881RG17","0","1","139549113","1","0","2026-08-25","","1","기존 _입고요약 열 위치 오해 또는 발주별 실입고 누계 미사용","가능"
"39135930","wn011525SS","2","1","137836122, 139116121","2","1","2026-07-31, 2026-08-14","2026/08/19 20:32:20","-1","기존 _입고요약 열 위치 오해 또는 발주별 실입고 누계 미사용","가능"
"39135937","wa011473RO","0","1","139948868","1","0","2026-08-28","","1","기존 _입고요약 열 위치 오해 또는 발주별 실입고 누계 미사용","가능"
"39135983","wr011510Y165","0","1","139939993","1","0","2026-08-28","","1","기존 _입고요약 열 위치 오해 또는 발주별 실입고 누계 미사용","가능"
"39138703","wb000064S","2","1","137836122, 139142928","2","1","2026-07-31, 2026-08-14","2026/08/21 16:27:47","-1","기존 _입고요약 열 위치 오해 또는 발주별 실입고 누계 미사용","가능"
"39138707","","1","0","139116010","1","1","2026-08-14","2026/08/20 11:26:17","-1","기존 _입고요약 열 위치 오해 또는 발주별 실입고 누계 미사용","가능"
"39145925","wn00260S","0","1","139943029","1","0","2026-08-28","","1","기존 _입고요약 열 위치 오해 또는 발주별 실입고 누계 미사용","가능"
"39169549","wn011616GO","0","1","139948298","1","0","2026-08-28","","1","기존 _입고요약 열 위치 오해 또는 발주별 실입고 누계 미사용","가능"
"39169560","wn011572GO","1","0","135170426","1","1","2026-07-02","","-1","기존 _입고요약 열 위치 오해 또는 발주별 실입고 누계 미사용","가능"
"39218737","","1","0","137157395","1","1","2026-07-24","2026/07/31 16:09:52","-1","기존 _입고요약 열 위치 오해 또는 발주별 실입고 누계 미사용","가능"
"39226212","mb0025S","1","0","136008517","1","1","2026-07-10","","-1","기존 _입고요약 열 위치 오해 또는 발주별 실입고 누계 미사용","가능"
"39236923","","1","0","136027034","1","1","2026-07-10","","-1","기존 _입고요약 열 위치 오해 또는 발주별 실입고 누계 미사용","가능"
"39304161","wr00075RG14","1","0","139142652","1","1","2026-08-14","2026/08/20 21:02:49","-1","기존 _입고요약 열 위치 오해 또는 발주별 실입고 누계 미사용","가능"
"39304162","wr00074RG14","0","1","139563390","1","0","2026-08-25","","1","기존 _입고요약 열 위치 오해 또는 발주별 실입고 누계 미사용","가능"
"39323519","we00197R","1","0","136008411","1","1","2026-07-10","","-1","기존 _입고요약 열 위치 오해 또는 발주별 실입고 누계 미사용","가능"
"39374886","mr000022S22","1","0","139116224","1","1","2026-08-14","2026/08/21 9:21:12","-1","기존 _입고요약 열 위치 오해 또는 발주별 실입고 누계 미사용","가능"
"39379906","wn011624RG","1","0","139116121","1","1","2026-08-14","2026/08/19 21:01:55","-1","기존 _입고요약 열 위치 오해 또는 발주별 실입고 누계 미사용","가능"
"39396077","wr00521RG17","0","1","139948298","1","0","2026-08-28","","1","기존 _입고요약 열 위치 오해 또는 발주별 실입고 누계 미사용","가능"
"39396079","wr011702SS8","1","0","138468034","1","1","2026-08-13","2026/08/20 16:34:51","-1","기존 _입고요약 열 위치 오해 또는 발주별 실입고 누계 미사용","가능"
"39396113","mr011591S21","1","0","137157775","1","1","2026-07-24","2026/07/26 2:33:21","-1","기존 _입고요약 열 위치 오해 또는 발주별 실입고 누계 미사용","가능"
"39396849","wn00123RG","2","1","137836122, 139142928","2","1","2026-07-31, 2026-08-14","2026/08/21 16:48:13","-1","기존 _입고요약 열 위치 오해 또는 발주별 실입고 누계 미사용","가능"
"39396856","wn011618GO","1","0","137157775","1","1","2026-07-24","2026/07/26 2:33:21","-1","기존 _입고요약 열 위치 오해 또는 발주별 실입고 누계 미사용","가능"
"39398156","ws000127BB14","1","0","136027034","1","1","2026-07-10","","-1","기존 _입고요약 열 위치 오해 또는 발주별 실입고 누계 미사용","가능"
"39399234","we00568RG","0","1","139549113","1","0","2026-08-25","","1","기존 _입고요약 열 위치 오해 또는 발주별 실입고 누계 미사용","가능"
"39607536","mr011701SS10","1","0","136008517","1","1","2026-07-10","","-1","기존 _입고요약 열 위치 오해 또는 발주별 실입고 누계 미사용","가능"
"39607541","mr011701SS9","1","0","139077290","1","1","2026-08-14","2026/08/21 18:41:57","-1","기존 _입고요약 열 위치 오해 또는 발주별 실입고 누계 미사용","가능"
"39607886","mr0005S25","0","1","139563390","1","0","2026-08-25","","1","기존 _입고요약 열 위치 오해 또는 발주별 실입고 누계 미사용","가능"
"39626054","wn011858GO","2","1","137836122, 139077290","2","1","2026-07-31, 2026-08-14","2026/08/21 18:41:57","-1","기존 _입고요약 열 위치 오해 또는 발주별 실입고 누계 미사용","가능"
"39626062","wn011138","1","0","136008833","1","1","2026-07-10","","-1","기존 _입고요약 열 위치 오해 또는 발주별 실입고 누계 미사용","가능"
"39626068","mn0003S","1","0","139116121","1","1","2026-08-14","2026/08/19 20:32:20","-1","기존 _입고요약 열 위치 오해 또는 발주별 실입고 누계 미사용","가능"
"39659677","we00466RG","0","1","139563390","1","0","2026-08-25","","1","기존 _입고요약 열 위치 오해 또는 발주별 실입고 누계 미사용","가능"
"39659684","we00526RGW","1","0","138468242","1","1","2026-08-13","2026/08/20 9:21:47","-1","기존 _입고요약 열 위치 오해 또는 발주별 실입고 누계 미사용","가능"
"39660185","mn000002S","1","0","138445686","1","1","2026-08-12","2026/08/21 18:44:38","-1","기존 _입고요약 열 위치 오해 또는 발주별 실입고 누계 미사용","가능"
"39663382","wb00536RG","1","0","136008517","1","1","2026-07-10","","-1","기존 _입고요약 열 위치 오해 또는 발주별 실입고 누계 미사용","가능"
"39663383","wb00354GO","0","1","139563390","1","0","2026-08-25","","1","기존 _입고요약 열 위치 오해 또는 발주별 실입고 누계 미사용","가능"
"39787059","mr000029S22","1","0","138468242","1","1","2026-08-13","2026/08/19 15:05:31","-1","기존 _입고요약 열 위치 오해 또는 발주별 실입고 누계 미사용","가능"
"39787246","wn0000086","1","0","138445686","1","1","2026-08-12","2026/08/21 18:44:38","-1","기존 _입고요약 열 위치 오해 또는 발주별 실입고 누계 미사용","가능"
"39788518","wn00100RG","1","0","135170427","1","1","2026-07-02","","-1","기존 _입고요약 열 위치 오해 또는 발주별 실입고 누계 미사용","가능"
"39914390","ws000127GO16","1","0","137157775","1","1","2026-07-24","2026/07/26 2:33:21","-1","기존 _입고요약 열 위치 오해 또는 발주별 실입고 누계 미사용","가능"
"39914394","mp000128BK","1","0","139077290","1","1","2026-08-14","2026/08/21 18:41:57","-1","기존 _입고요약 열 위치 오해 또는 발주별 실입고 누계 미사용","가능"
"39914799","wr00103RG17","1","0","135170426","1","1","2026-07-02","","-1","기존 _입고요약 열 위치 오해 또는 발주별 실입고 누계 미사용","가능"
"39993607","mp000127S","0","1","139563390","1","0","2026-08-25","","1","기존 _입고요약 열 위치 오해 또는 발주별 실입고 누계 미사용","가능"
"40156891","mn000001S","1","0","138468034","1","1","2026-08-13","2026/08/20 16:34:51","-1","기존 _입고요약 열 위치 오해 또는 발주별 실입고 누계 미사용","가능"
"40156897","mn000010S","1","0","136008411","1","1","2026-07-10","","-1","기존 _입고요약 열 위치 오해 또는 발주별 실입고 누계 미사용","가능"
"40241522","we0000087","1","0","137157395","1","1","2026-07-24","2026/07/31 16:39:48","-1","기존 _입고요약 열 위치 오해 또는 발주별 실입고 누계 미사용","가능"
"40283960","wn00323RG","0","1","140064899","1","0","2026-08-28","","1","기존 _입고요약 열 위치 오해 또는 발주별 실입고 누계 미사용","가능"
"40283986","we011141","1","0","138445686","1","1","2026-08-12","2026/08/21 18:44:38","-1","기존 _입고요약 열 위치 오해 또는 발주별 실입고 누계 미사용","가능"
"40284006","wr00289S17","1","0","138468242","1","1","2026-08-13","2026/08/19 17:05:01","-1","기존 _입고요약 열 위치 오해 또는 발주별 실입고 누계 미사용","가능"
"40284071","mr011431S23","1","0","139142928","1","1","2026-08-14","2026/08/21 17:20:37","-1","기존 _입고요약 열 위치 오해 또는 발주별 실입고 누계 미사용","가능"
"40284082","we011328RW
wn011327ROWH","0","1","139948298","1","0","2026-08-28","","1","기존 _입고요약 열 위치 오해 또는 발주별 실입고 누계 미사용","가능"
"40284087","wn00013RG","1","0","136620030","1","1","2026-07-24","2026/07/27 1:37:35","-1","기존 _입고요약 열 위치 오해 또는 발주별 실입고 누계 미사용","가능"
"40284090","we011409RG","1","0","138468242","1","1","2026-08-13","2026/08/19 16:04:31","-1","기존 _입고요약 열 위치 오해 또는 발주별 실입고 누계 미사용","가능"
"40284100","we011210RG","1","0","137157395","1","1","2026-07-24","2026/07/31 15:19:40","-1","기존 _입고요약 열 위치 오해 또는 발주별 실입고 누계 미사용","가능"
"40284173","mr011558SS25","2","1","136620373, 139142928","2","1","2026-07-24, 2026-08-14","2026/08/21 17:53:24","-1","기존 _입고요약 열 위치 오해 또는 발주별 실입고 누계 미사용","가능"
"40379511","","2","1","136027034, 137835812","2","1","2026-07-10, 2026-07-31","2026/07/31 20:47:31","-1","기존 _입고요약 열 위치 오해 또는 발주별 실입고 누계 미사용","가능"
"40426062","","1","0","136620030","1","1","2026-07-24","2026/07/27 1:40:49","-1","기존 _입고요약 열 위치 오해 또는 발주별 실입고 누계 미사용","가능"
"40443656","","1","0","135170426","1","1","2026-07-02","","-1","기존 _입고요약 열 위치 오해 또는 발주별 실입고 누계 미사용","가능"
"40443658","mn0002S","1","0","138468242","1","1","2026-08-13","2026/08/20 13:54:55","-1","기존 _입고요약 열 위치 오해 또는 발주별 실입고 누계 미사용","가능"
"40443662","wn00353GO","0","1","139943141","1","0","2026-08-28","","1","기존 _입고요약 열 위치 오해 또는 발주별 실입고 누계 미사용","가능"
"40444484","","1","0","135170426","1","1","2026-07-02","","-1","기존 _입고요약 열 위치 오해 또는 발주별 실입고 누계 미사용","가능"
"40444485","","2","1","137836122, 139077290","2","1","2026-07-31, 2026-08-14","2026/08/21 18:41:57","-1","기존 _입고요약 열 위치 오해 또는 발주별 실입고 누계 미사용","가능"
"40488496","","1","0","138468034","1","1","2026-08-13","2026/08/20 16:34:51","-1","기존 _입고요약 열 위치 오해 또는 발주별 실입고 누계 미사용","가능"
"41015523","ws00261S","1","0","139142928","1","1","2026-08-14","2026/08/21 17:16:56","-1","기존 _입고요약 열 위치 오해 또는 발주별 실입고 누계 미사용","가능"
"41832654","wn011503RG","5","6","135170426, 139943029","11","5","2026-07-02, 2026-08-28","","1","기존 _입고요약 열 위치 오해 또는 발주별 실입고 누계 미사용","가능"
"43109987","wb0000112WH","1","0","138468034","1","1","2026-08-13","2026/08/20 16:34:51","-1","기존 _입고요약 열 위치 오해 또는 발주별 실입고 누계 미사용","가능"
"43113924","mb011536S","0","1","139563390","1","0","2026-08-25","","1","기존 _입고요약 열 위치 오해 또는 발주별 실입고 누계 미사용","가능"
"43181822","wn00222GO","1","0","138468034","1","1","2026-08-13","2026/08/20 16:34:51","-1","기존 _입고요약 열 위치 오해 또는 발주별 실입고 누계 미사용","가능"
"44264269","we012047RG","1","0","136620373","1","1","2026-07-24","2026/07/25 16:01:05","-1","기존 _입고요약 열 위치 오해 또는 발주별 실입고 누계 미사용","가능"
"44264890","we011947SI","1","2","139077290, 139948298","2","0","2026-08-14, 2026-08-28","","1","기존 _입고요약 열 위치 오해 또는 발주별 실입고 누계 미사용","가능"
"44947073","we011945RG","1","0","136008833","1","1","2026-07-10","","-1","기존 _입고요약 열 위치 오해 또는 발주별 실입고 누계 미사용","가능"
"44967613","we00570RG","1","0","136932140","1","1","2026-07-19","","-1","기존 _입고요약 열 위치 오해 또는 발주별 실입고 누계 미사용","가능"
"44999362","we012022SI","1","0","136620373","1","1","2026-07-24","2026/07/25 15:32:01","-1","기존 _입고요약 열 위치 오해 또는 발주별 실입고 누계 미사용","가능"
"44999372","we012021RG","1","0","138468034","1","1","2026-08-13","2026/08/20 16:34:51","-1","기존 _입고요약 열 위치 오해 또는 발주별 실입고 누계 미사용","가능"
"44999375","we012021SI","1","0","136620373","1","1","2026-07-24","2026/07/25 13:38:00","-1","기존 _입고요약 열 위치 오해 또는 발주별 실입고 누계 미사용","가능"
"45254332","wp011994SI","1","0","136008833","1","1","2026-07-10","","-1","기존 _입고요약 열 위치 오해 또는 발주별 실입고 누계 미사용","가능"
"45475725","wp011990SI","1","0","138468242","1","1","2026-08-13","2026/08/19 17:16:30","-1","기존 _입고요약 열 위치 오해 또는 발주별 실입고 누계 미사용","가능"
"47424348","we012084GO","1","0","136008833","1","1","2026-07-10","","-1","기존 _입고요약 열 위치 오해 또는 발주별 실입고 누계 미사용","가능"
"47425277","we012093GO","0","1","139563390","1","0","2026-08-25","","1","기존 _입고요약 열 위치 오해 또는 발주별 실입고 누계 미사용","가능"
"47707068","wa00034GO","2","1","137157395, 139116224","2","1","2026-07-24, 2026-08-14","2026/08/21 9:21:12","-1","기존 _입고요약 열 위치 오해 또는 발주별 실입고 누계 미사용","가능"
"49753043","mb011252S","2","1","138257431","2","1","2026-08-05","2026/08/08 17:40:36","-1","기존 _입고요약 열 위치 오해 또는 발주별 실입고 누계 미사용","가능"
"50679901","wn00476RG","1","0","136008833","1","1","2026-07-10","","-1","기존 _입고요약 열 위치 오해 또는 발주별 실입고 누계 미사용","가능"
"50724685","wb012056RG","2","1","137836122, 139116121","2","1","2026-07-31, 2026-08-14","2026/08/19 20:32:20","-1","기존 _입고요약 열 위치 오해 또는 발주별 실입고 누계 미사용","가능"
"54126009","we012050RG","1","0","137157075","1","1","2026-07-24","2026/07/27 11:40:40","-1","기존 _입고요약 열 위치 오해 또는 발주별 실입고 누계 미사용","가능"
"54959069","we012052SI","1","0","139116010","1","1","2026-08-14","2026/08/20 11:26:17","-1","기존 _입고요약 열 위치 오해 또는 발주별 실입고 누계 미사용","가능"
"56760093","wn00041RG","1","0","137157395","1","1","2026-07-24","2026/07/31 15:03:48","-1","기존 _입고요약 열 위치 오해 또는 발주별 실입고 누계 미사용","가능"
"56761107","wn00042GO","1","0","139116010","1","1","2026-08-14","2026/08/20 11:26:17","-1","기존 _입고요약 열 위치 오해 또는 발주별 실입고 누계 미사용","가능"
"56939419","","1","0","135367640","1","1","2026-07-03","","-1","기존 _입고요약 열 위치 오해 또는 발주별 실입고 누계 미사용","가능"
"57211641","g00006","1","0","137156678","1","1","2026-07-24","2026/07/26 15:38:07","-1","기존 _입고요약 열 위치 오해 또는 발주별 실입고 누계 미사용","가능"
"57498688","","1","0","136027138","1","1","2026-07-10","","-1","기존 _입고요약 열 위치 오해 또는 발주별 실입고 누계 미사용","가능"
"57498693","","1","0","139077290","1","1","2026-08-14","2026/08/21 19:39:40","-1","기존 _입고요약 열 위치 오해 또는 발주별 실입고 누계 미사용","가능"
"57617441","","2","1","135816373, 139948972","3","2","2026-07-10, 2026-09-04","","-1","기존 _입고요약 열 위치 오해 또는 발주별 실입고 누계 미사용","가능"
"57617442","","1","0","138445686","1","1","2026-08-12","2026/08/21 18:55:00","-1","기존 _입고요약 열 위치 오해 또는 발주별 실입고 누계 미사용","가능"
"57617444","","2","1","135816373, 139948972","3","2","2026-07-10, 2026-09-04","","-1","기존 _입고요약 열 위치 오해 또는 발주별 실입고 누계 미사용","가능"
"57617446","","2","1","135816373","2","1","2026-07-10","","-1","기존 _입고요약 열 위치 오해 또는 발주별 실입고 누계 미사용","가능"
"57737275","wr011707RB6","1","0","137157395","1","1","2026-07-24","2026/07/31 14:53:16","-1","기존 _입고요약 열 위치 오해 또는 발주별 실입고 누계 미사용","가능"
"57737291","wr011707SB7","1","0","136008833","1","1","2026-07-10","","-1","기존 _입고요약 열 위치 오해 또는 발주별 실입고 누계 미사용","가능"
"57737301","wr011707RW8","1","0","139116010","1","1","2026-08-14","2026/08/20 11:26:17","-1","기존 _입고요약 열 위치 오해 또는 발주별 실입고 누계 미사용","가능"
"57771533","g00011","2","1","135816378, 139946620","3","2","2026-07-10, 2026-09-04","","-1","기존 _입고요약 열 위치 오해 또는 발주별 실입고 누계 미사용","가능"
"58007484","","2","1","135816373","2","1","2026-07-10","","-1","기존 _입고요약 열 위치 오해 또는 발주별 실입고 누계 미사용","가능"
"58445811","wn011522SS","0","1","139948868","1","0","2026-08-28","","1","기존 _입고요약 열 위치 오해 또는 발주별 실입고 누계 미사용","가능"
"58715702","g00031","1","0","139142928","1","1","2026-08-14","2026/08/21 16:37:51","-1","기존 _입고요약 열 위치 오해 또는 발주별 실입고 누계 미사용","가능"
"58963351","we012054GO-S","1","0","136008833","1","1","2026-07-10","","-1","기존 _입고요약 열 위치 오해 또는 발주별 실입고 누계 미사용","가능"
"58963356","we012054GO-M","1","0","137157395","1","1","2026-07-24","2026/07/31 14:16:05","-1","기존 _입고요약 열 위치 오해 또는 발주별 실입고 누계 미사용","가능"
"58984736","we012051SI","1","0","137828493","1","1","2026-07-31","2026/08/03 11:51:52","-1","기존 _입고요약 열 위치 오해 또는 발주별 실입고 누계 미사용","가능"
"59273295","wp000129RG5","0","1","139549113","1","0","2026-08-25","","1","기존 _입고요약 열 위치 오해 또는 발주별 실입고 누계 미사용","가능"
"59280683","we012053SI","1","0","136619665","1","1","2026-07-24","2026/07/24 22:26:57","-1","기존 _입고요약 열 위치 오해 또는 발주별 실입고 누계 미사용","가능"
"60513443","ws00486WH","1","0","136620373","1","1","2026-07-24","2026/07/25 14:05:50","-1","기존 _입고요약 열 위치 오해 또는 발주별 실입고 누계 미사용","가능"
"61183310","ms000128BK","0","1","139549113","1","0","2026-08-25","","1","기존 _입고요약 열 위치 오해 또는 발주별 실입고 누계 미사용","가능"
"61183313","we011210SI","1","0","138468242","1","1","2026-08-13","2026/08/19 17:31:03","-1","기존 _입고요약 열 위치 오해 또는 발주별 실입고 누계 미사용","가능"
"61406589","wp00537SI","1","0","138528291","1","1","2026-08-13","2026/08/19 17:10:44","-1","기존 _입고요약 열 위치 오해 또는 발주별 실입고 누계 미사용","가능"
"76343191","wn11327-SIWH","3","2","136673116, 138257431","3","1","2026-07-16, 2026-08-05","","-1","기존 _입고요약 열 위치 오해 또는 발주별 실입고 누계 미사용","가능"
"76343192","wn11327-SIBK","1","0","136673116","1","1","2026-07-16","","-1","기존 _입고요약 열 위치 오해 또는 발주별 실입고 누계 미사용","가능"
"78390501","we0001-RG","0","1","139849369","1","0","2026-08-25","","1","기존 _입고요약 열 위치 오해 또는 발주별 실입고 누계 미사용","가능"
"78390502","we0001-GO","0","1","139849369","1","0","2026-08-25","","1","기존 _입고요약 열 위치 오해 또는 발주별 실입고 누계 미사용","가능"
"78390503","we0001-SI","0","1","139849105","1","0","2026-08-25","","1","기존 _입고요약 열 위치 오해 또는 발주별 실입고 누계 미사용","가능"
"78453238","wn0001-RG","0","1","139997482","1","0","2026-08-25","","1","기존 _입고요약 열 위치 오해 또는 발주별 실입고 누계 미사용","가능"
"78453239","wn0001-GO","0","1","139997482","1","0","2026-08-25","","1","기존 _입고요약 열 위치 오해 또는 발주별 실입고 누계 미사용","가능"
"78453505","wa0002-RG","0","1","139999282","1","0","2026-08-25","","1","기존 _입고요약 열 위치 오해 또는 발주별 실입고 누계 미사용","가능"
"78453506","wa0002-GO","0","1","139998851","1","0","2026-08-25","","1","기존 _입고요약 열 위치 오해 또는 발주별 실입고 누계 미사용","가능"
"78453507","wa0002-SI","0","1","139998851","1","0","2026-08-25","","1","기존 _입고요약 열 위치 오해 또는 발주별 실입고 누계 미사용","가능"
"78467787","wa0003-SI","0","1","139998851","1","0","2026-08-25","","1","기존 _입고요약 열 위치 오해 또는 발주별 실입고 누계 미사용","가능"
"78470900","we0002-RGWH","0","1","139997482","1","0","2026-08-25","","1","기존 _입고요약 열 위치 오해 또는 발주별 실입고 누계 미사용","가능"
"78470901","we0002-RGBK","0","1","139998851","1","0","2026-08-25","","1","기존 _입고요약 열 위치 오해 또는 발주별 실입고 누계 미사용","가능"
"78470903","we0002-SIWH","0","1","139998851","1","0","2026-08-25","","1","기존 _입고요약 열 위치 오해 또는 발주별 실입고 누계 미사용","가능"
"78470904","we0002-SIBK","0","1","139997482","1","0","2026-08-25","","1","기존 _입고요약 열 위치 오해 또는 발주별 실입고 누계 미사용","가능"
"78483451","mr0004-SI20","0","1","139998851","1","0","2026-08-25","","1","기존 _입고요약 열 위치 오해 또는 발주별 실입고 누계 미사용","가능"
"78483452","mr0004-SI22","0","1","139997482","1","0","2026-08-25","","1","기존 _입고요약 열 위치 오해 또는 발주별 실입고 누계 미사용","가능"
"78483453","mr0004-SI25","0","1","139998551","1","0","2026-08-25","","1","기존 _입고요약 열 위치 오해 또는 발주별 실입고 누계 미사용","가능"
"78483550","mr0001-SI20","0","1","139998851","1","0","2026-08-25","","1","기존 _입고요약 열 위치 오해 또는 발주별 실입고 누계 미사용","가능"
"78483551","mr0001-SI22","0","1","139997482","1","0","2026-08-25","","1","기존 _입고요약 열 위치 오해 또는 발주별 실입고 누계 미사용","가능"
"78483552","mr0001-SI25","0","1","139998851","1","0","2026-08-25","","1","기존 _입고요약 열 위치 오해 또는 발주별 실입고 누계 미사용","가능"
"78483553","mr0001-SI27","0","1","139997482","1","0","2026-08-25","","1","기존 _입고요약 열 위치 오해 또는 발주별 실입고 누계 미사용","가능"
"78489816","wr0004-RG9","0","1","139997482","1","0","2026-08-25","","1","기존 _입고요약 열 위치 오해 또는 발주별 실입고 누계 미사용","가능"
"78489817","wr0004-RG11","0","1","139997482","1","0","2026-08-25","","1","기존 _입고요약 열 위치 오해 또는 발주별 실입고 누계 미사용","가능"
"78489818","wr0004-RG14","0","1","139998851","1","0","2026-08-25","","1","기존 _입고요약 열 위치 오해 또는 발주별 실입고 누계 미사용","가능"
"78489819","wr0004-RG17","0","1","139998851","1","0","2026-08-25","","1","기존 _입고요약 열 위치 오해 또는 발주별 실입고 누계 미사용","가능"
"78489820","wr0004-RG20","0","1","139998851","1","0","2026-08-25","","1","기존 _입고요약 열 위치 오해 또는 발주별 실입고 누계 미사용","가능"
"78489821","wr0004-GO9","0","1","139997482","1","0","2026-08-25","","1","기존 _입고요약 열 위치 오해 또는 발주별 실입고 누계 미사용","가능"
"78489822","wr0004-GO11","0","1","139998851","1","0","2026-08-25","","1","기존 _입고요약 열 위치 오해 또는 발주별 실입고 누계 미사용","가능"
"78489823","wr0004-GO14","0","1","139998851","1","0","2026-08-25","","1","기존 _입고요약 열 위치 오해 또는 발주별 실입고 누계 미사용","가능"
"78489824","wr0004-GO17","0","1","139998851","1","0","2026-08-25","","1","기존 _입고요약 열 위치 오해 또는 발주별 실입고 누계 미사용","가능"
"78489825","wr0004-GO20","0","1","139998851","1","0","2026-08-25","","1","기존 _입고요약 열 위치 오해 또는 발주별 실입고 누계 미사용","가능"
"78489826","wr0004-SI9","0","1","139996964","1","0","2026-08-25","","1","기존 _입고요약 열 위치 오해 또는 발주별 실입고 누계 미사용","가능"
"78489827","wr0004-SI11","0","1","139996964","1","0","2026-08-25","","1","기존 _입고요약 열 위치 오해 또는 발주별 실입고 누계 미사용","가능"
"78489828","wr0004-SI14","0","1","139997482","1","0","2026-08-25","","1","기존 _입고요약 열 위치 오해 또는 발주별 실입고 누계 미사용","가능"
"78489829","wr0004-SI17","0","1","139997482","1","0","2026-08-25","","1","기존 _입고요약 열 위치 오해 또는 발주별 실입고 누계 미사용","가능"
"78489830","wr0004-SI20","0","1","139998851","1","0","2026-08-25","","1","기존 _입고요약 열 위치 오해 또는 발주별 실입고 누계 미사용","가능"
"78489963","up0001-BK","0","1","139997482","1","0","2026-08-25","","1","기존 _입고요약 열 위치 오해 또는 발주별 실입고 누계 미사용","가능"
"78489964","up0001-RG","0","1","139998851","1","0","2026-08-25","","1","기존 _입고요약 열 위치 오해 또는 발주별 실입고 누계 미사용","가능"
"78489966","up0001-GO","0","1","139996964","1","0","2026-08-25","","1","기존 _입고요약 열 위치 오해 또는 발주별 실입고 누계 미사용","가능"
"78489967","up0001-SI","0","1","139997482","1","0","2026-08-25","","1","기존 _입고요약 열 위치 오해 또는 발주별 실입고 누계 미사용","가능"
"78489968","up0002-RG","0","1","139997482","1","0","2026-08-25","","1","기존 _입고요약 열 위치 오해 또는 발주별 실입고 누계 미사용","가능"
"78489969","up0002-GO","0","1","139997482","1","0","2026-08-25","","1","기존 _입고요약 열 위치 오해 또는 발주별 실입고 누계 미사용","가능"
"78489970","up0002-SI","0","1","139998851","1","0","2026-08-25","","1","기존 _입고요약 열 위치 오해 또는 발주별 실입고 누계 미사용","가능"
"78489972","up0002-BK","0","1","139998851","1","0","2026-08-25","","1","기존 _입고요약 열 위치 오해 또는 발주별 실입고 누계 미사용","가능"
"78490103","wr011699RG5","0","1","139997482","1","0","2026-08-25","","1","기존 _입고요약 열 위치 오해 또는 발주별 실입고 누계 미사용","가능"
"78490104","wr011699RG6","0","1","139997482","1","0","2026-08-25","","1","기존 _입고요약 열 위치 오해 또는 발주별 실입고 누계 미사용","가능"
"78490105","wr011699RG7","0","1","139997482","1","0","2026-08-25","","1","기존 _입고요약 열 위치 오해 또는 발주별 실입고 누계 미사용","가능"
"78490106","wr011699RG8","0","1","139997482","1","0","2026-08-25","","1","기존 _입고요약 열 위치 오해 또는 발주별 실입고 누계 미사용","가능"
"78490107","wr011699RG9","0","1","139998851","1","0","2026-08-25","","1","기존 _입고요약 열 위치 오해 또는 발주별 실입고 누계 미사용","가능"
"78490108","wr011699SS5","0","1","139996964","1","0","2026-08-25","","1","기존 _입고요약 열 위치 오해 또는 발주별 실입고 누계 미사용","가능"
"78490109","wr011699SS6","0","1","139997482","1","0","2026-08-25","","1","기존 _입고요약 열 위치 오해 또는 발주별 실입고 누계 미사용","가능"
"78490111","wr011699SS8","0","1","139997482","1","0","2026-08-25","","1","기존 _입고요약 열 위치 오해 또는 발주별 실입고 누계 미사용","가능"
"78490112","wr011699SS9","0","1","139997482","1","0","2026-08-25","","1","기존 _입고요약 열 위치 오해 또는 발주별 실입고 누계 미사용","가능"
"78490381","mr0003-SI20","0","1","139998851","1","0","2026-08-25","","1","기존 _입고요약 열 위치 오해 또는 발주별 실입고 누계 미사용","가능"
"78490382","mr0003-SI22","0","1","139998851","1","0","2026-08-25","","1","기존 _입고요약 열 위치 오해 또는 발주별 실입고 누계 미사용","가능"
"78490383","mr0003-SI25","0","1","139998851","1","0","2026-08-25","","1","기존 _입고요약 열 위치 오해 또는 발주별 실입고 누계 미사용","가능"
"78490557","mr0002-SI20","0","1","139998851","1","0","2026-08-25","","1","기존 _입고요약 열 위치 오해 또는 발주별 실입고 누계 미사용","가능"
"78490558","mr0002-SI22","0","1","139998851","1","0","2026-08-25","","1","기존 _입고요약 열 위치 오해 또는 발주별 실입고 누계 미사용","가능"
"78490559","mr0002-SI25","0","1","139997482","1","0","2026-08-25","","1","기존 _입고요약 열 위치 오해 또는 발주별 실입고 누계 미사용","가능"
"78490768","wa0004-RGWH","0","1","139998851","1","0","2026-08-25","","1","기존 _입고요약 열 위치 오해 또는 발주별 실입고 누계 미사용","가능"
"78490769","wa0004-RGBK","0","1","139998851","1","0","2026-08-25","","1","기존 _입고요약 열 위치 오해 또는 발주별 실입고 누계 미사용","가능"
"78490770","wa0004-SIWH","0","1","139998851","1","0","2026-08-25","","1","기존 _입고요약 열 위치 오해 또는 발주별 실입고 누계 미사용","가능"
"78490771","wa0004-GOWH","0","1","139996964","1","0","2026-08-25","","1","기존 _입고요약 열 위치 오해 또는 발주별 실입고 누계 미사용","가능"
"78490915","mr0007-SI20","0","1","139996964","1","0","2026-08-25","","1","기존 _입고요약 열 위치 오해 또는 발주별 실입고 누계 미사용","가능"
"78490916","mr0007-SI22","0","1","139997482","1","0","2026-08-25","","1","기존 _입고요약 열 위치 오해 또는 발주별 실입고 누계 미사용","가능"
"78490917","mr0007-SI25","0","1","139997482","1","0","2026-08-25","","1","기존 _입고요약 열 위치 오해 또는 발주별 실입고 누계 미사용","가능"
"78491000","wa0001-RG","0","1","139997482","1","0","2026-08-25","","1","기존 _입고요약 열 위치 오해 또는 발주별 실입고 누계 미사용","가능"
"78491001","wa0001-GO","0","1","139998851","1","0","2026-08-25","","1","기존 _입고요약 열 위치 오해 또는 발주별 실입고 누계 미사용","가능"
"78491002","wa0001-SI","0","1","139998851","1","0","2026-08-25","","1","기존 _입고요약 열 위치 오해 또는 발주별 실입고 누계 미사용","가능"
"78491546","wr0001-RG9","0","1","139997482","1","0","2026-08-25","","1","기존 _입고요약 열 위치 오해 또는 발주별 실입고 누계 미사용","가능"
"78491547","wr0001-RG11","0","1","139998851","1","0","2026-08-25","","1","기존 _입고요약 열 위치 오해 또는 발주별 실입고 누계 미사용","가능"
"78491548","wr0001-RG14","0","1","139998851","1","0","2026-08-25","","1","기존 _입고요약 열 위치 오해 또는 발주별 실입고 누계 미사용","가능"
"78491549","wr0001-RG17","0","1","139997482","1","0","2026-08-25","","1","기존 _입고요약 열 위치 오해 또는 발주별 실입고 누계 미사용","가능"
"78491550","wr0001-RG20","0","1","139998851","1","0","2026-08-25","","1","기존 _입고요약 열 위치 오해 또는 발주별 실입고 누계 미사용","가능"
"78491551","wr0001-GO9","0","1","139998851","1","0","2026-08-25","","1","기존 _입고요약 열 위치 오해 또는 발주별 실입고 누계 미사용","가능"
"78491552","wr0001-GO11","0","1","139998851","1","0","2026-08-25","","1","기존 _입고요약 열 위치 오해 또는 발주별 실입고 누계 미사용","가능"
"78491553","wr0001-GO14","0","1","139997482","1","0","2026-08-25","","1","기존 _입고요약 열 위치 오해 또는 발주별 실입고 누계 미사용","가능"
"78491554","wr0001-GO17","0","1","139996964","1","0","2026-08-25","","1","기존 _입고요약 열 위치 오해 또는 발주별 실입고 누계 미사용","가능"
"78491555","wr0001-GO20","0","1","139998851","1","0","2026-08-25","","1","기존 _입고요약 열 위치 오해 또는 발주별 실입고 누계 미사용","가능"
"78491556","wr0001-SI9","0","1","139998851","1","0","2026-08-25","","1","기존 _입고요약 열 위치 오해 또는 발주별 실입고 누계 미사용","가능"
"78491557","wr0001-SI11","0","1","139998851","1","0","2026-08-25","","1","기존 _입고요약 열 위치 오해 또는 발주별 실입고 누계 미사용","가능"
"78491558","wr0001-SI14","0","1","139997482","1","0","2026-08-25","","1","기존 _입고요약 열 위치 오해 또는 발주별 실입고 누계 미사용","가능"
"78491559","wr0001-SI17","0","1","139997482","1","0","2026-08-25","","1","기존 _입고요약 열 위치 오해 또는 발주별 실입고 누계 미사용","가능"
"78491560","wr0001-SI20","0","1","139998851","1","0","2026-08-25","","1","기존 _입고요약 열 위치 오해 또는 발주별 실입고 누계 미사용","가능"
"78491800","wr0003-RG9","0","1","139998851","1","0","2026-08-25","","1","기존 _입고요약 열 위치 오해 또는 발주별 실입고 누계 미사용","가능"
"78491801","wr0003-RG11","0","1","139998851","1","0","2026-08-25","","1","기존 _입고요약 열 위치 오해 또는 발주별 실입고 누계 미사용","가능"
"78491803","wr0003-RG14","0","1","139998851","1","0","2026-08-25","","1","기존 _입고요약 열 위치 오해 또는 발주별 실입고 누계 미사용","가능"
"78491804","wr0003-RG17","0","1","139998851","1","0","2026-08-25","","1","기존 _입고요약 열 위치 오해 또는 발주별 실입고 누계 미사용","가능"
"78491805","wr0003-RG20","0","1","139998851","1","0","2026-08-25","","1","기존 _입고요약 열 위치 오해 또는 발주별 실입고 누계 미사용","가능"
"78491806","wr0003-SI9","0","1","139998851","1","0","2026-08-25","","1","기존 _입고요약 열 위치 오해 또는 발주별 실입고 누계 미사용","가능"
"78491807","wr0003-SI11","0","1","139997482","1","0","2026-08-25","","1","기존 _입고요약 열 위치 오해 또는 발주별 실입고 누계 미사용","가능"
"78491808","wr0003-SI14","0","1","139998851","1","0","2026-08-25","","1","기존 _입고요약 열 위치 오해 또는 발주별 실입고 누계 미사용","가능"
"78491809","wr0003-SI17","0","1","139998851","1","0","2026-08-25","","1","기존 _입고요약 열 위치 오해 또는 발주별 실입고 누계 미사용","가능"
"78491810","wr0003-SI20","0","1","139998851","1","0","2026-08-25","","1","기존 _입고요약 열 위치 오해 또는 발주별 실입고 누계 미사용","가능"

